Source,Target,Count,Year,Weight
Quavo,Travis Scott,16,2017,25
Huncho Jack,Quavo,13,2017,20
Huncho Jack,Travis Scott,13,2017,20
21 Savage,Metro Boomin,12,2017,21
Metro Boomin,Offset,10,2017,15
Future,Young Thug,10,2017,15
Big Sean,Metro Boomin,8,2017,10
21 Savage,Offset,7,2017,10
A Boogie Wit da Hoodie,Kodak Black,6,2017,9
Chance the Rapper,Lil Wayne,4,2017,6
A$AP Mob,A$AP Rocky,4,2017,4
Frank Ocean,"Tyler, The Creator",4,2017,4
Chance the Rapper,DJ Khaled,4,2017,8
Chance the Rapper,Justin Bieber,4,2017,8
A$AP Rocky,Playboi Carti,4,2017,4
Chris Brown,Gucci Mane,3,2017,3
A Boogie Wit da Hoodie,PnB Rock,3,2017,3
Future,Ty Dolla $ign,3,2017,3
PnB Rock,YFN Lucci,3,2017,3
Khalid,Lorde,3,2017,3
Khalid,Post Malone,3,2017,3
Khalid,SZA,3,2017,3
Lorde,Post Malone,3,2017,3
Lorde,SZA,3,2017,3
Post Malone,SZA,3,2017,5
Calvin Harris,Pharrell Williams,3,2017,3
Calvin Harris,Travis Scott,3,2017,3
DJ Khaled,Travis Scott,3,2017,4
A$AP Mob,Playboi Carti,3,2017,3
Nicki Minaj,Yo Gotti,3,2017,4
Gucci Mane,Migos,3,2017,8
Metro Boomin,Travis Scott,3,2017,13
Lil Uzi Vert,Quavo,3,2017,3
2 Chainz,Drake,3,2017,4
Lil Wayne,Ty Dolla $ign,3,2017,5
Future,The Weeknd,3,2017,3
Metro Boomin,NAV,3,2017,3
2 Chainz,Travis Scott,3,2017,4
2 Chainz,Jhené Aiko,3,2017,4
2 Chainz,Trey Songz,3,2017,4
2 Chainz,Ty Dolla $ign,3,2017,4
Jhené Aiko,Trey Songz,3,2017,4
Jhené Aiko,Ty Dolla $ign,3,2017,4
Trey Songz,Ty Dolla $ign,3,2017,4
A$AP Rocky,Lana Del Rey,3,2017,3
Chance the Rapper,Quavo,3,2017,7
DJ Khaled,Justin Bieber,3,2017,7
DJ Khaled,Lil Wayne,3,2017,6
DJ Khaled,Quavo,3,2017,7
Justin Bieber,Lil Wayne,3,2017,4
Justin Bieber,Quavo,3,2017,7
Lil Wayne,Quavo,3,2017,4
Lil Uzi Vert,Playboi Carti,3,2017,6
2 Chainz,Big Sean,3,2017,6
DJ Khaled,Migos,2,2017,2
Camila Cabello,Quavo,2,2017,2
Drake,Young Thug,2,2017,2
Lil Yachty,Quavo,2,2017,4
Ty Dolla $ign,YG,2,2017,4
DJ Khaled,Drake,2,2017,2
PnB Rock,Wiz Khalifa,2,2017,2
Daft Punk,The Weeknd,2,2017,3
J Balvin,Willy William,2,2017,3
2 Chainz,Gucci Mane,2,2017,3
Gucci Mane,Young Dolph,2,2017,3
A$AP Rocky,Cardi B,2,2017,3
A$AP Rocky,G-Eazy,2,2017,3
Cardi B,G-Eazy,2,2017,3
Beyoncé,DJ Khaled,2,2017,3
Beyoncé,JAY-Z,2,2017,4
DJ Khaled,JAY-Z,2,2017,3
G-Eazy,Halsey,2,2017,3
Maren Morris,Thomas Rhett,2,2017,3
Future,Lil Uzi Vert,2,2017,2
Big Sean,Calvin Harris,2,2017,2
Big Sean,Katy Perry,2,2017,2
Big Sean,Pharrell Williams,2,2017,2
Calvin Harris,Katy Perry,2,2017,2
Katy Perry,Pharrell Williams,2,2017,2
Gucci Mane,Rae Sremmurd,2,2017,2
Calvin Harris,DJ Khaled,2,2017,2
Calvin Harris,Jeremih,2,2017,2
DJ Khaled,Jeremih,2,2017,3
Jeremih,Travis Scott,2,2017,2
G-Eazy,Zoe Nash,2,2017,2
A$AP Mob,A$AP Twelvyy,2,2017,2
Charlie Puth,G-Eazy,2,2017,3
Maroon 5,SZA,2,2017,3
Lil Wayne,Nicki Minaj,2,2017,5
A Boogie Wit da Hoodie,Chris Brown,2,2017,3
A Boogie Wit da Hoodie,Yo Gotti,2,2017,3
Chris Brown,Kodak Black,2,2017,3
Chris Brown,Yo Gotti,2,2017,3
Kodak Black,Yo Gotti,2,2017,3
Drake,WizKid,2,2017,4
21 Savage,Big Sean,2,2017,2
Offset,Travis Scott,2,2017,8
Brent Faiyaz,GoldLink,2,2017,3
Brent Faiyaz,Shy Glizzy,2,2017,3
GoldLink,Shy Glizzy,2,2017,3
Drake,PARTYNEXTDOOR,2,2017,3
Macklemore,Skylar Grey,2,2017,3
Kesha,The Dap-Kings Horns,2,2017,2
Drake,Gucci Mane,2,2017,2
Drake,Future,2,2017,2
Miguel,Travis Scott,2,2017,3
Lil Wayne,The-Dream,2,2017,2
The-Dream,Ty Dolla $ign,2,2017,2
A$AP Mob,KEY!,2,2017,2
A$AP Rocky,KEY!,2,2017,2
Jonas Blue,William Singe,2,2017,2
21 Savage,Future,2,2017,3
Ty Dolla $ign,Wiz Khalifa,2,2017,2
Kodak Black,PnB Rock,2,2017,2
2 Chainz,Migos,2,2017,3
2 Chainz,Young Thug,2,2017,3
Future,Kendrick Lamar,2,2017,3
Post Malone,Quavo,2,2017,4
Lil Uzi Vert,NAV,2,2017,4
Lil Yachty,Macklemore,2,2017,2
Fifth Harmony,Gucci Mane,2,2017,2
Gucci Mane,The Weeknd,2,2017,2
Beyoncé,Eminem,2,2017,2
A$AP Rocky,"Tyler, The Creator",2,2017,2
Calvin Harris,Future,2,2017,2
Calvin Harris,Khalid,2,2017,2
Future,Khalid,2,2017,2
Kygo,The Night Game,2,2017,2
Mike WiLL Made-It,Nicki Minaj,2,2017,2
Grey,Hailee Steinfeld,2,2017,2
Grey,Zedd,2,2017,5
Hailee Steinfeld,Zedd,2,2017,2
Chris Brown,Future,2,2017,2
Big Sean,Jeremih,2,2017,2
Big Sean,Travis Scott,2,2017,4
Jon Bellion,Vice,2,2017,2
A$AP Mob,Frank Ocean,2,2017,2
A$AP Mob,Lil Uzi Vert,2,2017,2
A$AP Mob,Quavo,2,2017,2
A$AP Rocky,Frank Ocean,2,2017,3
A$AP Rocky,Lil Uzi Vert,2,2017,2
A$AP Rocky,Quavo,2,2017,2
Frank Ocean,Lil Uzi Vert,2,2017,2
Frank Ocean,Playboi Carti,2,2017,2
Frank Ocean,Quavo,2,2017,2
Playboi Carti,Quavo,2,2017,2
Quality Control,Quavo,2,2017,4
Calvin Harris,Frank Ocean,2,2017,3
Calvin Harris,Migos,2,2017,3
Frank Ocean,Migos,2,2017,3
N.E.R.D,Rihanna,2,2017,5
Drake,Rihanna,2,2017,3
Drake,Giggs,2,2017,2
Offset,Quavo,2,2017,5
Drake,Lil Wayne,2,2017,2
French Montana,Swae Lee,2,2017,3
Lana Del Rey,The Weeknd,2,2017,2
Shawn Hook,Vanessa Hudgens,2,2017,2
2 Chainz,Quavo,2,2017,3
Rex Orange County,"Tyler, The Creator",2,2017,2
Halsey,Lauren Jauregui,2,2017,2
Lil Uzi Vert,Oh Wonder,2,2017,5
21 Savage,Post Malone,2,2017,7
Alesso,Florida Georgia Line,2,2017,4
Alesso,Hailee Steinfeld,2,2017,4
Alesso,watt,2,2017,4
Florida Georgia Line,Hailee Steinfeld,2,2017,4
Florida Georgia Line,watt,2,2017,4
Hailee Steinfeld,watt,2,2017,4
21 Savage,Migos,2,2017,3
Chris Brown,Meek Mill,2,2017,2
Chris Brown,Ty Dolla $ign,2,2017,2
Meek Mill,Ty Dolla $ign,2,2017,2
SZA,Travis Scott,2,2017,5
G-Eazy,Marc E. Bassy,2,2017,2
Emily Warren,The Chainsmokers,2,2017,4
Frank Ocean,Steve Lacy,2,2017,2
Steve Lacy,"Tyler, The Creator",2,2017,2
Lana Del Rey,Playboi Carti,2,2017,2
Daddy Yankee,Luis Fonsi,2,2017,4
Katy Perry,Nicki Minaj,2,2017,2
Kendrick Lamar,Maroon 5,1,2017,1
Hailee Steinfeld,Machine Gun Kelly,1,2017,1
A$AP Ferg,A$AP Rocky,1,2017,2
A$AP Ferg,French Montana,1,2017,1
A$AP Ferg,ScHoolboy Q,1,2017,1
A$AP Ferg,Trinidad James,1,2017,1
A$AP Rocky,French Montana,1,2017,2
A$AP Rocky,ScHoolboy Q,1,2017,1
A$AP Rocky,Trinidad James,1,2017,1
French Montana,ScHoolboy Q,1,2017,1
French Montana,Trinidad James,1,2017,1
ScHoolboy Q,Trinidad James,1,2017,1
Chris Brown,Usher,1,2017,1
Gucci Mane,Usher,1,2017,1
Logic,Neil deGrasse Tyson,1,2017,1
Eartha Kitt,Henri Rene & His Orchestra,1,2017,3
Future,Swae Lee,1,2017,2
Swae Lee,Ty Dolla $ign,1,2017,1
Camila Cabello,Daddy Yankee,1,2017,2
Danny Brown,Gorillaz,1,2017,1
Danny Brown,Kelela,1,2017,1
Gorillaz,Kelela,1,2017,1
The Chainsmokers,XYLØ,1,2017,1
Calvin Harris,John Legend,1,2017,1
Calvin Harris,Snoop Dogg,1,2017,1
Calvin Harris,Takeoff,1,2017,1
John Legend,Snoop Dogg,1,2017,1
John Legend,Takeoff,1,2017,1
Snoop Dogg,Takeoff,1,2017,1
Lil Yachty,Stefflon Don,1,2017,1
Drake,Metro Boomin,1,2017,2
Drake,Offset,1,2017,2
Lil Uzi Vert,Migos,1,2017,2
Lil Yachty,NexXthursday,1,2017,1
NexXthursday,Quavo,1,2017,1
Big Sean,MadeinTYO,1,2017,1
Kirsty MacColl,The Pogues,1,2017,3
G-Eazy,Kehlani,1,2017,1
Lil Yachty,PnB Rock,1,2017,2
Lil Yachty,Wiz Khalifa,1,2017,1
Lil Yachty,YFN Lucci,1,2017,1
Wiz Khalifa,YFN Lucci,1,2017,1
Lil Uzi Vert,Pharrell Williams,1,2017,1
Beyoncé,J Balvin,1,2017,1
Beyoncé,Willy William,1,2017,1
Marshmello,Migos,1,2017,2
Cole Swindell,Dierks Bentley,1,2017,1
Justin Jesso,Kygo,1,2017,2
Alok,Bruno Martini,1,2017,1
Alok,Zeeba,1,2017,1
Bruno Martini,Zeeba,1,2017,1
2 Chainz,Young Dolph,1,2017,1
Drake,Quavo,1,2017,4
Drake,Travis Scott,1,2017,2
Calvin Harris,DRAM,1,2017,1
Calvin Harris,PARTYNEXTDOOR,1,2017,2
Calvin Harris,ScHoolboy Q,1,2017,1
DRAM,PARTYNEXTDOOR,1,2017,1
DRAM,ScHoolboy Q,1,2017,1
PARTYNEXTDOOR,ScHoolboy Q,1,2017,1
Marshmello,Selena Gomez,1,2017,2
CNCO,Little Mix,1,2017,1
Descemer Bueno,Enrique Iglesias,1,2017,1
Descemer Bueno,Zion & Lennox,1,2017,1
Enrique Iglesias,Zion & Lennox,1,2017,1
Ariana Grande,Future,1,2017,1
Gorillaz,Peven Everett,1,2017,1
DJ ESCO,Future,1,2017,1
DJ ESCO,Lil Uzi Vert,1,2017,1
French Montana,Pharrell Williams,1,2017,1
Damian Lemar Hudson,Logic,1,2017,1
Daniel Caesar,Kali Uchis,1,2017,2
Gucci Mane,Kendrick Lamar,1,2017,1
Gucci Mane,Mike WiLL Made-It,1,2017,1
Kendrick Lamar,Mike WiLL Made-It,1,2017,2
Kendrick Lamar,Rae Sremmurd,1,2017,1
Mike WiLL Made-It,Rae Sremmurd,1,2017,1
CADE,Cheat Codes,1,2017,1
CADE,Maggie Lindemann,1,2017,1
Cheat Codes,Maggie Lindemann,1,2017,1
Justin Bieber,Major Lazer,1,2017,1
Justin Bieber,MØ,1,2017,1
Major Lazer,MØ,1,2017,1
Khalid,Marshmello,1,2017,3
Big Sean,Young Thug,1,2017,1
Metro Boomin,Young Thug,1,2017,3
Chance the Rapper,Chicago Children's Choir,1,2017,1
Chance the Rapper,Kanye West,1,2017,1
Chicago Children's Choir,Kanye West,1,2017,1
Flume,Kai,1,2017,1
Daya,Gryffin,1,2017,1
Daya,ILLENIUM,1,2017,1
Gryffin,ILLENIUM,1,2017,1
DRAM,Lil Yachty,1,2017,2
Kendrick Lamar,U2,1,2017,1
Bebe Rexha,Lil Wayne,1,2017,1
Cash Cash,Conor Maynard,1,2017,1
A$AP ANT,A$AP Ferg,1,2017,1
A$AP ANT,A$AP Mob,1,2017,1
A$AP ANT,A$AP NAST,1,2017,1
A$AP ANT,A$AP Twelvyy,1,2017,1
A$AP ANT,Playboi Carti,1,2017,1
A$AP Ferg,A$AP Mob,1,2017,1
A$AP Ferg,A$AP NAST,1,2017,1
A$AP Ferg,A$AP Twelvyy,1,2017,1
A$AP Ferg,Playboi Carti,1,2017,1
A$AP Mob,A$AP NAST,1,2017,1
A$AP NAST,A$AP Twelvyy,1,2017,1
A$AP NAST,Playboi Carti,1,2017,1
A$AP Twelvyy,Playboi Carti,1,2017,1
Bad Bunny,DJ Luian,1,2017,2
Bad Bunny,J Balvin,1,2017,13
Bad Bunny,Mambo Kingz,1,2017,2
Bad Bunny,Prince Royce,1,2017,2
DJ Luian,J Balvin,1,2017,2
DJ Luian,Mambo Kingz,1,2017,3
DJ Luian,Prince Royce,1,2017,2
J Balvin,Mambo Kingz,1,2017,2
J Balvin,Prince Royce,1,2017,2
Mambo Kingz,Prince Royce,1,2017,2
Chance the Rapper,Future,1,2017,1
Eminem,Kehlani,1,2017,1
A-Trak,Calvin Harris,1,2017,1
A-Trak,Travis Scott,1,2017,1
2 Chainz,Chance the Rapper,1,2017,2
2 Chainz,Lil Wayne,1,2017,2
Machine Gun Kelly,Quavo,1,2017,1
Machine Gun Kelly,Ty Dolla $ign,1,2017,1
Quavo,Ty Dolla $ign,1,2017,2
21 Savage,London On Da Track,1,2017,2
21 Savage,Nicki Minaj,1,2017,1
London On Da Track,Nicki Minaj,1,2017,1
London On Da Track,Offset,1,2017,1
Nicki Minaj,Offset,1,2017,1
Ed Sheeran,Future,1,2017,2
Ed Sheeran,Taylor Swift,1,2017,2
Future,Taylor Swift,1,2017,2
DJ Snake,Lauv,1,2017,1
Jhené Aiko,The Chainsmokers,1,2017,1
BloodPop®,Justin Bieber,1,2017,1
Ariana Grande,John Legend,1,2017,1
Afrojack,Charli XCX,1,2017,1
Afrojack,David Guetta,1,2017,1
Afrojack,French Montana,1,2017,1
Charli XCX,David Guetta,1,2017,1
Charli XCX,French Montana,1,2017,1
David Guetta,French Montana,1,2017,1
Felix Snow,Kiiara,1,2017,1
2 Chainz,Lil Pump,1,2017,1
Bing Crosby,The Andrews Sisters,1,2017,3
Coldplay,Seeb,1,2017,1
Migos,Travis Scott,1,2017,2
21 Savage,Travis Scott,1,2017,4
Lil Uzi Vert,Travis Scott,1,2017,2
Liam Payne,Zedd,1,2017,1
Future,Jeezy,1,2017,1
Future,Rick Ross,1,2017,1
Future,Yo Gotti,1,2017,1
Jeezy,Rick Ross,1,2017,1
Jeezy,Yo Gotti,1,2017,1
Rick Ross,Yo Gotti,1,2017,1
Gorillaz,Popcaan,1,2017,1
Jillian Edwards,Thomas Gold,1,2017,1
Ariana Grande,Calvin Harris,1,2017,1
Ariana Grande,Pharrell Williams,1,2017,2
Ariana Grande,Young Thug,1,2017,1
Calvin Harris,Young Thug,1,2017,1
Pharrell Williams,Young Thug,1,2017,1
Labrinth,Noah Cyrus,1,2017,1
Bebe Rexha,Machine Gun Kelly,1,2017,2
Bebe Rexha,X Ambassadors,1,2017,2
Machine Gun Kelly,X Ambassadors,1,2017,2
Drake,Kanye West,1,2017,1
J. Cole,Miguel,1,2017,1
J. Cole,Salaam Remi,1,2017,1
Miguel,Salaam Remi,1,2017,1
Big Sean,Kash Doll,1,2017,2
Kash Doll,Metro Boomin,1,2017,2
Bing Crosby,John Scott Trotter & His Orchestra,1,2017,3
Bing Crosby,Ken Darby Singers,1,2017,3
John Scott Trotter & His Orchestra,Ken Darby Singers,1,2017,3
Andrelli,Hearts & Colors,1,2017,1
Alicia Keys,Eminem,1,2017,1
Coldplay,The Chainsmokers,1,2017,2
2 Chainz,Nicki Minaj,1,2017,4
21 Savage,Cardi B,1,2017,4
Cardi B,Ozuna,1,2017,4
Lil Wayne,"Tyler, The Creator",1,2017,1
A$AP Mob,Gucci Mane,1,2017,1
A$AP Rocky,Gucci Mane,1,2017,2
Gucci Mane,KEY!,1,2017,1
Liam Payne,Quavo,1,2017,2
Future,Metro Boomin,1,2017,2
Bipolar Sunshine,DJ Snake,1,2017,1
Gucci Mane,Selena Gomez,1,2017,1
Eminem,X Ambassadors,1,2017,1
Gucci Mane,Offset,1,2017,3
2 Chainz,PnB Rock,1,2017,1
2 Chainz,Wiz Khalifa,1,2017,1
PnB Rock,Young Thug,1,2017,1
Wiz Khalifa,Young Thug,1,2017,1
ROZES,The Chainsmokers,1,2017,1
Clara Mae,KREAM,1,2017,1
Camila Cabello,Major Lazer,1,2017,1
Camila Cabello,Travis Scott,1,2017,1
Major Lazer,Quavo,1,2017,1
Major Lazer,Travis Scott,1,2017,1
Bebe Rexha,G-Eazy,1,2017,1
Lil Pump,Smokepurpp,1,2017,2
Sam Smith,Yebba,1,2017,1
Lil Uzi Vert,Metro Boomin,1,2017,1
Avicii,Rita Ora,1,2017,2
Backstreet Boys,Florida Georgia Line,1,2017,1
Gorillaz,Vince Staples,1,2017,1
Kendrick Lamar,Zacari,1,2017,2
Lil Wayne,Nathaniel Alford,1,2017,1
Lil Wayne,Twice As Nice,1,2017,1
Nathaniel Alford,The-Dream,1,2017,1
Nathaniel Alford,Twice As Nice,1,2017,1
Nathaniel Alford,Ty Dolla $ign,1,2017,1
The-Dream,Twice As Nice,1,2017,1
Twice As Nice,Ty Dolla $ign,1,2017,1
Jasmine Thompson,Skizzy Mars,1,2017,1
Jasmine Thompson,Vice,1,2017,1
Skizzy Mars,Vice,1,2017,1
Future,Kodak Black,1,2017,1
Quintino,R3HAB,1,2017,1
"Bobby ""Boris"" Pickett",The Crypt-Kickers,1,2017,3
David Guetta,Jamie Scott,1,2017,2
David Guetta,Martin Garrix,1,2017,3
David Guetta,Romy Dya,1,2017,2
Jamie Scott,Martin Garrix,1,2017,2
Jamie Scott,Romy Dya,1,2017,2
Martin Garrix,Romy Dya,1,2017,2
Big Sean,The-Dream,1,2017,1
Eminem,Pink,1,2017,1
Metro Boomin,Playboi Carti,1,2017,1
NAV,Offset,1,2017,1
NAV,Playboi Carti,1,2017,2
Offset,Playboi Carti,1,2017,2
A Boogie Wit da Hoodie,DJ SpinKing,1,2017,1
Ansel Elgort,Logic,1,2017,1
Jax Jones,RAYE,1,2017,1
Zay Hilfigerrr,Zayion McCall,1,2017,1
Anitta,J Balvin,1,2017,1
Jonas Blue,RAYE,1,2017,1
J. Davi$,Rob $tone,1,2017,1
J. Davi$,Spooks,1,2017,1
Rob $tone,Spooks,1,2017,1
A$AP Rocky,Jaden,1,2017,1
Fifth Harmony,Ty Dolla $ign,1,2017,1
Kendrick Lamar,Rich The Kid,1,2017,4
DRAM,Trippie Redd,1,2017,1
JAY-Z,Linkin Park,1,2017,1
Camila Cabello,Young Thug,1,2017,4
Beyoncé,Ed Sheeran,1,2017,2
Logic,Lucy Rose,1,2017,2
Big Sean,Starrah,1,2017,1
Big Sean,The Flint Chozen Choir,1,2017,1
Starrah,The Flint Chozen Choir,1,2017,1
Kendrick Lamar,The Weeknd,1,2017,3
J. Cole,Jeezy,1,2017,1
J. Cole,Kendrick Lamar,1,2017,1
Jeezy,Kendrick Lamar,1,2017,1
Arcangel,Chucho Flash,1,2017,1
Julia Michaels,Maroon 5,1,2017,1
Katy Perry,Migos,1,2017,1
Kesha,Macklemore,1,2017,2
Kendrick Lamar,SZA,1,2017,6
Louane,The Chainsmokers,1,2017,1
Cardi B,Migos,1,2017,4
Cardi B,Nicki Minaj,1,2017,3
Migos,Nicki Minaj,1,2017,3
Eagles Of Death Metal,Kesha,1,2017,1
Bryson Tiller,Young Thug,1,2017,1
Frank Ocean,JAY-Z,1,2017,1
JAY-Z,"Tyler, The Creator",1,2017,1
MØ,Snakehips,1,2017,1
B. Swanson Quartet,Frank Sinatra,1,2017,3
Lil Yachty,Migos,1,2017,3
Lil Uzi Vert,Meek Mill,1,2017,1
Mike WiLL Made-It,Yo Gotti,1,2017,1
Taylor Swift,ZAYN,1,2017,2
Olivia O'Brien,gnash,1,2017,1
Major Lazer,Nicki Minaj,1,2017,1
Major Lazer,PARTYNEXTDOOR,1,2017,1
Nicki Minaj,PARTYNEXTDOOR,1,2017,1
Fetty Wap,Mark Morrison,1,2017,1
Fetty Wap,Nevada,1,2017,1
Mark Morrison,Nevada,1,2017,1
Camila Cabello,Machine Gun Kelly,1,2017,1
Nick Jonas,Nicki Minaj,1,2017,1
Bryson Tiller,DJ Khaled,1,2017,2
Bryson Tiller,Rihanna,1,2017,2
DJ Khaled,Rihanna,1,2017,2
Kodak Black,Lil Wayne,1,2017,2
CMC$,DVBBS,1,2017,1
CMC$,Gia Koka,1,2017,1
DVBBS,Gia Koka,1,2017,1
Dua Lipa,Martin Garrix,1,2017,1
Huncho Jack,Takeoff,1,2017,2
Quavo,Takeoff,1,2017,3
Takeoff,Travis Scott,1,2017,2
Mitchell Ayres & His Orchestra,Perry Como,1,2017,3
Mitchell Ayres & His Orchestra,The Fontane Sisters,1,2017,3
Perry Como,The Fontane Sisters,1,2017,3
Daya,The Chainsmokers,1,2017,1
PARTYNEXTDOOR,ZAYN,1,2017,1
Ryan Riback,Starley,1,2017,1
Eminem,Nate Dogg,1,2017,3
Flume,Tove Lo,1,2017,1
Kodak Black,Lil Baby,1,2017,1
Kodak Black,Moneybagg Yo,1,2017,1
Kodak Black,Quality Control,1,2017,1
Kodak Black,Quavo,1,2017,1
Lil Baby,Moneybagg Yo,1,2017,2
Lil Baby,Quality Control,1,2017,3
Lil Baby,Quavo,1,2017,2
Moneybagg Yo,Quality Control,1,2017,1
Moneybagg Yo,Quavo,1,2017,1
BTS,Desiigner,1,2017,2
BTS,Steve Aoki,1,2017,5
Desiigner,Steve Aoki,1,2017,2
Cashmere Cat,Selena Gomez,1,2017,1
Cashmere Cat,Tory Lanez,1,2017,3
Selena Gomez,Tory Lanez,1,2017,1
N.E.R.D,Pharrell Williams,1,2017,2
Pharrell Williams,Rihanna,1,2017,2
Evander Griiim,Lil Yachty,1,2017,1
A$AP Ferg,Nicki Minaj,1,2017,2
Florida Georgia Line,The Chainsmokers,1,2017,1
French Montana,Jason Derulo,1,2017,2
JAY-Z,Kanye West,1,2017,1
Drake,Sampha,1,2017,1
Dua Lipa,Major Lazer,1,2017,1
Dua Lipa,Wale,1,2017,1
Dua Lipa,WizKid,1,2017,1
Major Lazer,Wale,1,2017,1
Major Lazer,WizKid,1,2017,1
Wale,WizKid,1,2017,1
NOTD,Stanaj,1,2017,1
Kodak Black,XXXTENTACION,1,2017,3
Gucci Mane,Ty Dolla $ign,1,2017,2
Demi Lovato,Luis Fonsi,1,2017,2
Black Coffee,Drake,1,2017,1
Black Coffee,Jorja Smith,1,2017,1
Drake,Jorja Smith,1,2017,1
Avicii,Sandro Cavazza,1,2017,2
Bad Bunny,Becky G,1,2017,2
Kanye West,Tyga,1,2017,1
A$AP Rocky,Famous Dex,1,2017,4
Eminem,Phresher,1,2017,2
Arcangel,Chris Jeday,1,2017,1
Arcangel,J Balvin,1,2017,1
Arcangel,Ozuna,1,2017,1
Chris Jeday,J Balvin,1,2017,1
Chris Jeday,Ozuna,1,2017,1
J Balvin,Ozuna,1,2017,3
Future,Maroon 5,1,2017,1
21 Savage,Quavo,1,2017,2
Metro Boomin,Quavo,1,2017,1
Killer Mike,Logic,1,2017,1
Lil Wayne,Wale,1,2017,1
Jason Derulo,Nicki Minaj,1,2017,2
Jason Derulo,Ty Dolla $ign,1,2017,1
Nicki Minaj,Ty Dolla $ign,1,2017,2
Drake,Nicki Minaj,1,2017,1
Gucci Mane,blackbear,1,2017,1
Martin Garrix,Troye Sivan,1,2017,1
John Lennon,The Harlem Community Choir,1,2017,3
John Lennon,The Plastic Ono Band,1,2017,3
John Lennon,Yoko Ono,1,2017,3
The Harlem Community Choir,The Plastic Ono Band,1,2017,3
The Harlem Community Choir,Yoko Ono,1,2017,3
The Plastic Ono Band,Yoko Ono,1,2017,3
Gucci Mane,Nicki Minaj,1,2017,1
Matoma,The Vamps,1,2017,1
Bebe Rexha,Digital Farm Animals,1,2017,1
Bebe Rexha,Louis Tomlinson,1,2017,1
Digital Farm Animals,Louis Tomlinson,1,2017,1
Kane Brown,Lauren Alaina,1,2017,2
Lil Yachty,Quality Control,1,2017,3
Big Sean,TWENTY88,1,2017,1
Emily Warren,FRENSHIP,1,2017,1
Linkin Park,Pusha T,1,2017,1
Linkin Park,Stormzy,1,2017,1
Pusha T,Stormzy,1,2017,1
Alessia Cara,Khalid,1,2017,3
Alessia Cara,Logic,1,2017,3
Khalid,Logic,1,2017,3
Mike Posner,Seeb,1,2017,1
J Balvin,Wale,1,2017,1
2 Chainz,Kanye West,1,2017,1
2 Chainz,Yo Gotti,1,2017,1
Big Sean,Kanye West,1,2017,1
Big Sean,Quavo,1,2017,1
Big Sean,Yo Gotti,1,2017,1
Kanye West,Quavo,1,2017,1
Kanye West,Yo Gotti,1,2017,1
Quavo,Yo Gotti,1,2017,1
Lil Pump,Lil Yachty,1,2017,2
Big Sean,Chance the Rapper,1,2017,1
Chance the Rapper,Jeremih,1,2017,1
Anna of the North,Rex Orange County,1,2017,1
Anna of the North,"Tyler, The Creator",1,2017,1
24hrs,Future,1,2017,1
24hrs,Ty Dolla $ign,1,2017,1
Kris Wu,Travis Scott,1,2017,1
Clean Bandit,Julia Michaels,1,2017,2
Lil Uzi Vert,Nicki Minaj,1,2017,2
Nicki Minaj,Oh Wonder,1,2017,2
Rick Ross,Wale,1,2017,2
Rick Ross,Young Thug,1,2017,1
Wale,Young Thug,1,2017,1
Anne-Marie,Clean Bandit,1,2017,1
Anne-Marie,Sean Paul,1,2017,1
Clean Bandit,Sean Paul,1,2017,1
Alan Walker,Digital Farm Animals,1,2017,2
Alan Walker,Juliander,1,2017,2
Alan Walker,Noah Cyrus,1,2017,2
Digital Farm Animals,Juliander,1,2017,2
Digital Farm Animals,Noah Cyrus,1,2017,2
Juliander,Noah Cyrus,1,2017,2
Kendrick Lamar,Sia,1,2017,1
Alessia Cara,Zedd,1,2017,2
David Guetta,Justin Bieber,1,2017,1
MadeinTYO,Roy Woods,1,2017,1
Future,Post Malone,1,2017,3
Future,Quavo,1,2017,1
Big Sean,Drake,1,2017,1
Ed Sheeran,Eminem,1,2017,3
Chance the Rapper,Saba,1,2017,1
Gucci Mane,Lil Wayne,1,2017,1
Halsey,The Chainsmokers,1,2017,3
Chance the Rapper,Knox Fortune,1,2017,2
Estelle,"Tyler, The Creator",1,2017,1
21 Savage,Mike WiLL Made-It,1,2017,1
21 Savage,YG,1,2017,1
Migos,Mike WiLL Made-It,1,2017,1
Migos,YG,1,2017,1
Mike WiLL Made-It,YG,1,2017,1
John Williams,Mykola Dmytrovych Leontovych,1,2017,3
Carrie Underwood,Keith Urban,1,2017,1
CVBZ,Cheat Codes,1,2017,1
CVBZ,Fetty Wap,1,2017,1
Cheat Codes,Fetty Wap,1,2017,1
2 Chainz,Metro Boomin,1,2017,1
Kali Uchis,"Tyler, The Creator",1,2017,1
Ariana Grande,Nicki Minaj,1,2017,6
Bebe Rexha,Florida Georgia Line,1,2017,4
Florida Georgia Line,Tim McGraw,1,2017,1
Travis Scott,Young Thug,1,2017,8
21 Savage,A Boogie Wit da Hoodie,1,2017,1
Gucci Mane,Slim Jxmmi,1,2017,1
Slim Jxmmi,Young Dolph,1,2017,1
Future,Tory Lanez,1,2017,1
Mustard,Quavo,1,2017,2
Mustard,YG,1,2017,3
Quavo,YG,1,2017,3
Calvin Harris,Rihanna,1,2017,1
Calvin Harris,Kehlani,1,2017,1
Calvin Harris,Lil Yachty,1,2017,1
Kehlani,Lil Yachty,1,2017,1
Ozuna,Wisin,1,2017,2
A$AP Rocky,Maroon 5,1,2017,1
Trippie Redd,XXXTENTACION,1,2017,5
Future,YG,1,2017,1
21 Savage,DJ Khaled,1,2017,2
21 Savage,T.I.,1,2017,1
DJ Khaled,Future,1,2017,2
DJ Khaled,T.I.,1,2017,1
Future,Migos,1,2017,1
Future,T.I.,1,2017,1
Migos,T.I.,1,2017,1
Phoebe Ryan,The Chainsmokers,1,2017,1
NAV,The Weeknd,1,2017,3
Calvin Harris,Nicki Minaj,1,2017,1
Louis Tomlinson,Steve Aoki,1,2017,1
Poo Bear,Skrillex,1,2017,1
Bebe Rexha,Ty Dolla $ign,1,2017,1
Travis Scott,Trippie Redd,1,2017,3
Lil Uzi Vert,The Weeknd,1,2017,1
Diplo,MØ,1,2017,1
Kiiara,Linkin Park,1,2017,1
Justin Bieber,Post Malone,1,2017,2
Kodak Black,Offset,1,2017,4
Big Lenbo,Black Thought,1,2017,1
Big Lenbo,Chuck D,1,2017,1
Big Lenbo,Logic,1,2017,2
Big Lenbo,No I.D,1,2017,1
Black Thought,Chuck D,1,2017,1
Black Thought,Logic,1,2017,1
Black Thought,No I.D,1,2017,1
Chuck D,Logic,1,2017,1
Chuck D,No I.D,1,2017,1
Logic,No I.D,1,2017,1
21 Savage,Drake,1,2017,1
Big Sean,Coldplay,1,2017,1
Lana Del Rey,Stevie Nicks,1,2017,1
Big Sean,DJ Khaled,1,2017,2
Big Sean,Rick Ross,1,2017,1
DJ Khaled,Rick Ross,1,2017,1
Rick Ross,Travis Scott,1,2017,1
Brent Faiyaz,Gucci Mane,1,2017,1
GoldLink,Gucci Mane,1,2017,1
Gucci Mane,Shy Glizzy,1,2017,1
A$AP Rocky,The Weeknd,1,2017,1
A$AP Rocky,Young Thug,1,2017,1
The Weeknd,Young Thug,1,2017,1
Lauren Jauregui,Steve Aoki,1,2017,1
Fuse ODG,Major Lazer,1,2017,1
Fuse ODG,Nyla,1,2017,1
Major Lazer,Nyla,1,2017,1
Katy Perry,Skip Marley,1,2017,1
Nause,Pretty Sister,1,2017,1
Future,Nicki Minaj,1,2017,2
Daddy Yankee,Justin Bieber,1,2017,3
Justin Bieber,Luis Fonsi,1,2017,3
Juicy J,Logic,1,2017,1
Eminem,Skylar Grey,1,2017,1
Sia,ZAYN,1,2017,2
Clean Bandit,Zara Larsson,1,2017,1
Imagine Dragons,Lil Wayne,1,2017,1
Imagine Dragons,Logic,1,2017,1
Imagine Dragons,Ty Dolla $ign,1,2017,1
Imagine Dragons,Wiz Khalifa,1,2017,1
Imagine Dragons,X Ambassadors,1,2017,1
Lil Wayne,Logic,1,2017,1
Lil Wayne,Wiz Khalifa,1,2017,1
Lil Wayne,X Ambassadors,1,2017,1
Logic,Ty Dolla $ign,1,2017,1
Logic,Wiz Khalifa,1,2017,3
Logic,X Ambassadors,1,2017,1
Ty Dolla $ign,X Ambassadors,1,2017,1
Wiz Khalifa,X Ambassadors,1,2017,1
Big Sean,Migos,1,2017,2
99 Percent,Flo Rida,1,2017,1
Huncho Jack,Offset,1,2017,2
Future,Rihanna,1,2017,1
DJ Durel,Migos,1,2017,2
Gucci Mane,Quavo,1,2017,3
Meek Mill,Sound M.O.B.,1,2017,1
Meek Mill,Tory Lanez,1,2017,3
Sound M.O.B.,Tory Lanez,1,2017,1
Future,Offset,1,2017,1
Offset,Young Thug,1,2017,2
Larry Walsh,Mark Linett,1,2017,3
Larry Walsh,Sweet,1,2017,3
Larry Walsh,The Beach Boys,1,2017,3
Mark Linett,Sweet,1,2017,3
Mark Linett,The Beach Boys,1,2017,3
Sweet,The Beach Boys,1,2017,3
A Boogie Wit da Hoodie,YoungBoy Never Broke Again,1,2017,1
PnB Rock,YoungBoy Never Broke Again,1,2017,1
Bahari,Grey,1,2017,1
Kendrick Lamar,Rihanna,1,2017,2
Cheat Codes,David Guetta,1,2017,1
Cheat Codes,Robin Schulz,1,2017,1
David Guetta,Robin Schulz,1,2017,1
DJ Snake,Justin Bieber,1,2017,1
KYLE,Lil Yachty,1,2017,5
Joey Bada$$,ScHoolboy Q,1,2017,1
Lil Yachty,Tee Grizzley,1,2017,5
Keith Ape,Rich Brian,1,2017,1
Keith Ape,XXXTENTACION,1,2017,1
Rich Brian,XXXTENTACION,1,2017,1
Maren Morris,Niall Horan,1,2017,1
Future,Kiiara,1,2017,1
Kiiara,Ty Dolla $ign,1,2017,1
Noah Cyrus,XXXTENTACION,1,2017,1
Big Sean,Eminem,1,2017,1
Kid Cudi,Travis Scott,1,2017,1
Bebe Rexha,Martin Garrix,1,2017,1
Maluma,Shakira,1,2017,2
Drake,Kyla,1,2017,3
Kyla,WizKid,1,2017,3
Chance the Rapper,Towkio,1,2017,1
Justin Bieber,Towkio,1,2017,1
De La Soul,Gorillaz,1,2017,1
Kygo,OneRepublic,1,2017,1
ODESZA,Sasha Sloan,1,2017,1
French Montana,Max B,1,2017,1
French Montana,The Weeknd,1,2017,1
Max B,The Weeknd,1,2017,1
Cheat Codes,Demi Lovato,1,2017,1
Jaden,"Tyler, The Creator",1,2017,1
Charlie Puth,Selena Gomez,1,2017,1
OneRepublic,Seeb,1,2017,1
Ariana Grande,Cashmere Cat,1,2017,1
A$AP Rocky,A$AP Twelvyy,1,2017,1
A$AP Twelvyy,KEY!,1,2017,1
Chris Brown,Young Thug,1,2017,1
Maluma,Nego do Borel,1,2017,2
Kygo,Selena Gomez,1,2017,2
Kendrick Lamar,MC Eiht,1,2017,1
Ellie Goulding,Kygo,1,2017,1
Gunna,Lil Baby,13,2018,17
Future,Juice WRLD,13,2018,14
Rae Sremmurd,Swae Lee,10,2018,11
Rae Sremmurd,Slim Jxmmi,9,2018,10
Slim Jxmmi,Swae Lee,9,2018,10
6ix9ine,A Boogie Wit da Hoodie,5,2018,7
Lil Yachty,Offset,4,2018,4
Swae Lee,Travis Scott,4,2018,4
Landon Cube,Lil Skies,4,2018,7
Kelsea Ballerini,The Chainsmokers,4,2018,5
6ix9ine,Fetty Wap,3,2018,3
A Boogie Wit da Hoodie,Fetty Wap,3,2018,3
Gunna,Young Thug,3,2018,10
Post Malone,Swae Lee,3,2018,7
Gunna,Metro Boomin,3,2018,4
Metro Boomin,Swae Lee,3,2018,3
Drake,Lil Baby,3,2018,5
Hugh Jackman,The Greatest Showman Ensemble,3,2018,3
Keala Settle,The Greatest Showman Ensemble,3,2018,3
6ix9ine,Nicki Minaj,3,2018,5
6ix9ine,Anuel AA,3,2018,3
Diplo,LSD,3,2018,4
Diplo,Labrinth,3,2018,4
Diplo,Sia,3,2018,4
LSD,Labrinth,3,2018,4
LSD,Sia,3,2018,4
Labrinth,Sia,3,2018,4
Murda Beatz,Smokepurpp,3,2018,3
Post Malone,Ty Dolla $ign,3,2018,4
Offset,Tyga,3,2018,6
2 Chainz,YG,3,2018,4
Kodak Black,Travis Scott,3,2018,4
Drake,Michael Jackson,2,2018,2
Lil Wayne,XXXTENTACION,2,2018,3
Lil Baby,Young Thug,2,2018,3
Young Stoner Life Records,Young Thug,2,2018,2
Nicky Jam,Ozuna,2,2018,5
6ix9ine,Kanye West,2,2018,3
88rising,8-Aug,2,2018,2
88rising,Higher Brothers,2,2018,2
88rising,Joji,2,2018,2
88rising,Rich Brian,2,2018,2
8-Aug,Higher Brothers,2,2018,2
8-Aug,Joji,2,2018,2
8-Aug,Rich Brian,2,2018,2
Higher Brothers,Joji,2,2018,2
Higher Brothers,Rich Brian,2,2018,2
Joji,Rich Brian,2,2018,2
6ix9ine,Tory Lanez,2,2018,3
Logic,Ryan Tedder,2,2018,2
Diplo,Trippie Redd,2,2018,2
Lil Baby,Lil Yachty,2,2018,2
Lil Baby,Offset,2,2018,2
Charlie Puth,Kehlani,2,2018,2
Jay Rock,Kendrick Lamar,2,2018,2
A$AP Rocky,YG,2,2018,3
Travis Barker,XXXTENTACION,2,2018,2
Jeremih,Meek Mill,2,2018,3
Jeremih,PnB Rock,2,2018,2
Meek Mill,PnB Rock,2,2018,2
Mike WiLL Made-It,Pharrell Williams,2,2018,2
Bea Miller,NOTD,2,2018,2
Chris Stapleton,Justin Timberlake,2,2018,2
Rae Sremmurd,Travis Scott,2,2018,2
Slim Jxmmi,Travis Scott,2,2018,2
Cardi B,Lil Yachty,2,2018,2
Cardi B,Offset,2,2018,3
Billie Eilish,Khalid,2,2018,4
6ix9ine,Bobby Shmurda,2,2018,2
Kanye West,Nas,2,2018,2
Nas,The-Dream,2,2018,2
Anderson .Paak,Kendrick Lamar,2,2018,2
Hugh Jackman,Keala Settle,2,2018,2
Hugh Jackman,Zendaya,2,2018,2
Keala Settle,Zendaya,2,2018,2
The Greatest Showman Ensemble,Zendaya,2,2018,2
6ix9ine,Murda Beatz,2,2018,3
Murda Beatz,Nicki Minaj,2,2018,3
Drake,JAY-Z,2,2018,2
Metro Boomin,WizKid,2,2018,2
Juice WRLD,Lil Uzi Vert,2,2018,3
Cardi B,Maroon 5,2,2018,3
Anuel AA,Fabolous,2,2018,3
Anuel AA,Meek Mill,2,2018,3
Fabolous,Meek Mill,2,2018,3
Juicy J,Rae Sremmurd,2,2018,3
Juicy J,Slim Jxmmi,2,2018,3
Juicy J,Swae Lee,2,2018,3
Grey,Maren Morris,2,2018,3
Maren Morris,Zedd,2,2018,3
Bradley Cooper,Lady Gaga,2,2018,3
A$AP Ferg,MadeinTYO,2,2018,2
Kanye West,PARTYNEXTDOOR,2,2018,2
Brando,Loud Luxury,2,2018,3
Gesaffelstein,The Weeknd,2,2018,3
Kevin Gates,YoungBoy Never Broke Again,2,2018,2
Offset,Rich The Kid,2,2018,2
Quavo,Rich The Kid,2,2018,2
KYLE,Kehlani,2,2018,2
Cashmere Cat,Major Lazer,2,2018,2
Major Lazer,Tory Lanez,2,2018,2
J. Cole,kiLL edward,2,2018,2
Hugh Jackman,Zac Efron,2,2018,2
Swae Lee,Wiz Khalifa,2,2018,2
Lil Peep,XXXTENTACION,2,2018,3
J Balvin,Nicky Jam,2,2018,2
Anne-Marie,David Guetta,2,2018,2
Big Sean,Nicki Minaj,2,2018,3
Big Sean,YG,2,2018,3
Nicki Minaj,YG,2,2018,3
Ariana Grande,Troye Sivan,2,2018,2
Tory Lanez,Trippie Redd,2,2018,4
A$AP Rocky,Moby,2,2018,2
Drake,Static Major,2,2018,2
Drake,Ty Dolla $ign,2,2018,2
Static Major,Ty Dolla $ign,2,2018,2
A Boogie Wit da Hoodie,Offset,2,2018,3
A Boogie Wit da Hoodie,Tyga,2,2018,4
Khalid,Shawn Mendes,2,2018,2
George Benson,Gorillaz,2,2018,2
Halsey,Khalid,2,2018,3
Halsey,benny blanco,2,2018,3
Khalid,benny blanco,2,2018,3
Little Mix,Nicki Minaj,2,2018,2
Bruno Mars,Gucci Mane,2,2018,3
Bruno Mars,Kodak Black,2,2018,3
Gucci Mane,Kodak Black,2,2018,4
Eminem,Jessie Reyez,2,2018,2
Zac Efron,Zendaya,2,2018,2
Logic,Marshmello,2,2018,3
Future,Young Scooter,2,2018,2
Gucci Mane,Lil Baby,2,2018,3
Lil Baby,Meek Mill,1,2018,5
Drew Love,The Chainsmokers,1,2018,1
Khalid,Normani,1,2018,2
Becky G,Natti Natasha,1,2018,1
Ty Dolla $ign,XXXTENTACION,1,2018,2
Gunna,Young Stoner Life Records,1,2018,1
Lil Baby,Young Stoner Life Records,1,2018,1
Bad Bunny,Casper Magico,1,2018,2
Bad Bunny,Darell,1,2018,2
Bad Bunny,Nicky Jam,1,2018,2
Bad Bunny,Nio Garcia,1,2018,2
Bad Bunny,Ozuna,1,2018,2
Casper Magico,Darell,1,2018,2
Casper Magico,Nicky Jam,1,2018,2
Casper Magico,Nio Garcia,1,2018,2
Casper Magico,Ozuna,1,2018,2
Darell,Nicky Jam,1,2018,4
Darell,Nio Garcia,1,2018,2
Darell,Ozuna,1,2018,3
Nicky Jam,Nio Garcia,1,2018,2
Nio Garcia,Ozuna,1,2018,2
Cardi B,Kehlani,1,2018,1
6ix9ine,DJ SpinKing,1,2018,1
6ix9ine,Young Thug,1,2018,1
Tory Lanez,Young Thug,1,2018,1
Juicy J,Travis Scott,1,2018,1
Cardi B,Meek Mill,1,2018,1
Lil Pump,Tee Grizzley,1,2018,1
Jesse,Swae Lee,1,2018,1
Jesse,benny blanco,1,2018,1
Swae Lee,benny blanco,1,2018,1
Juice WRLD,Seezyn,1,2018,3
Future,James Blake,1,2018,1
Future,Jay Rock,1,2018,1
James Blake,Jay Rock,1,2018,1
James Blake,Kendrick Lamar,1,2018,1
6ix9ine,Gunna,1,2018,1
Ella Mai,Meek Mill,1,2018,1
Kodak Black,Meek Mill,1,2018,1
Kodak Black,Lil Pump,1,2018,1
Juice WRLD,Trippie Redd,1,2018,3
J. Cole,JID,1,2018,5
Chris Brown,Joyner Lucas,1,2018,1
Juice WRLD,Young Thug,1,2018,3
A Boogie Wit da Hoodie,Juice WRLD,1,2018,2
50 Cent,Tory Lanez,1,2018,1
Kendrick Lamar,Pharrell Williams,1,2018,1
Hailee Steinfeld,Logic,1,2018,1
Khalid,Martin Garrix,1,2018,1
Lil Pump,Offset,1,2018,1
6LACK,Future,1,2018,1
A Boogie Wit da Hoodie,Maroon 5,1,2018,1
Brooks,David Guetta,1,2018,1
Brooks,Martin Garrix,1,2018,1
Ashanti,Lil Wayne,1,2018,1
Ashanti,Mack Maine,1,2018,1
Lil Wayne,Mack Maine,1,2018,1
Brendon Urie,Juice WRLD,1,2018,2
Brendon Urie,benny blanco,1,2018,2
Juice WRLD,benny blanco,1,2018,3
Lil Baby,Ski Mask The Slump God,1,2018,1
Blac Youngsta,BlocBoy JB,1,2018,1
Blac Youngsta,G-Eazy,1,2018,1
BlocBoy JB,G-Eazy,1,2018,1
Ozuna,Romeo Santos,1,2018,1
Gucci Mane,Metro Boomin,1,2018,1
Gucci Mane,Kevin Gates,1,2018,1
Jaden,Young Thug,1,2018,1
Bad Bunny,Drake,1,2018,2
G Herbo,Lil Uzi Vert,1,2018,1
G Herbo,Southside,1,2018,1
Lil Uzi Vert,Southside,1,2018,1
Nicki Minaj,Post Malone,1,2018,2
Manuel Turizo,Ozuna,1,2018,1
Alicia Keys,Justin Timberlake,1,2018,1
Hugh Jackman,Michelle Williams,1,2018,1
Hugh Jackman,Ziv Zaifman,1,2018,1
Michelle Williams,Ziv Zaifman,1,2018,1
Skrillex,Travis Scott,1,2018,1
Eminem,"Royce Da 5'9""",1,2018,1
Kanye West,Lil Pump,1,2018,2
Rich The Kid,YG,1,2018,1
Future,Yung Bans,1,2018,1
Juice WRLD,Yung Bans,1,2018,1
Nicki Minaj,Young Thug,1,2018,1
DJ A1,YBN Nahmir,1,2018,1
Kanye West,The-Dream,1,2018,1
A$AP Rocky,Skepta,1,2018,2
Dynoro,Gigi D'Agostino,1,2018,1
Chris Lane,Tori Kelly,1,2018,1
A$AP Rocky,FKA twigs,1,2018,1
Lil Yachty,Playboi Carti,1,2018,1
Vince Staples,Yugen Blakrok,1,2018,1
2 Chainz,Saudi,1,2018,1
2 Chainz,ScHoolboy Q,1,2018,1
Saudi,ScHoolboy Q,1,2018,1
Khalid,Rich The Kid,1,2018,1
AJR,Rivers Cuomo,1,2018,1
Big Lenbo,Kajo,1,2018,1
Big Lenbo,Slaydro,1,2018,1
Kajo,Logic,1,2018,1
Kajo,Slaydro,1,2018,1
Logic,Slaydro,1,2018,1
Reese LAFLARE,Trippie Redd,1,2018,1
Reese LAFLARE,Young Thug,1,2018,1
Trippie Redd,Young Thug,1,2018,1
Nicki Minaj,Tyga,1,2018,1
KIDS SEE GHOSTS,Yasiin Bey,1,2018,1
Julia Michaels,Shawn Mendes,1,2018,1
BLACKPINK,Dua Lipa,1,2018,1
Cardi B,Pardison Fontaine,1,2018,1
Gucci Mane,Lil Pump,1,2018,1
Daniel Everidge,Hugh Jackman,1,2018,1
Daniel Everidge,Keala Settle,1,2018,1
Daniel Everidge,The Greatest Showman Ensemble,1,2018,1
Daniel Everidge,Zendaya,1,2018,1
21 Savage,BlocBoy JB,1,2018,1
21 Savage,Ty Dolla $ign,1,2018,1
J Balvin,Metro Boomin,1,2018,1
J Balvin,Offset,1,2018,1
J Balvin,WizKid,1,2018,1
Offset,WizKid,1,2018,1
Natti Natasha,Ozuna,1,2018,1
Nicki Minaj,The Weeknd,1,2018,1
Arthur Hanlon,Ozuna,1,2018,1
Cheat Codes,Kiiara,1,2018,1
Becky G,David Guetta,1,2018,1
Becky G,Sean Paul,1,2018,1
David Guetta,Sean Paul,1,2018,1
Louis The Child,Wafia,1,2018,1
Lil Wayne,Nivea,1,2018,1
Ariana Grande,Missy Elliott,1,2018,1
Kygo,Miguel,1,2018,1
J. Cole,Moneybagg Yo,1,2018,1
Diplo,Ellie Goulding,1,2018,2
Diplo,Swae Lee,1,2018,2
Ellie Goulding,Swae Lee,1,2018,2
Abir,Cash Cash,1,2018,1
Florida Georgia Line,Morgan Wallen,1,2018,1
Elley Duhé,Zedd,1,2018,1
Camila Cabello,Pharrell Williams,1,2018,1
Bryson Tiller,H.E.R.,1,2018,1
Jay Rock,Jeremih,1,2018,1
Cardi B,Madonna,1,2018,1
Cardi B,Quavo,1,2018,1
Madonna,Quavo,1,2018,1
Jay 305,YG,1,2018,1
Christian Rich,Jaden,1,2018,1
Lil Wayne,Sosamann,1,2018,1
Andrez Babii,Judah,1,2018,1
Andrez Babii,Rio Santana,1,2018,1
Andrez Babii,XXXTENTACION,1,2018,1
Judah,Rio Santana,1,2018,1
Judah,XXXTENTACION,1,2018,1
Rio Santana,XXXTENTACION,1,2018,1
PnB Rock,XXXTENTACION,1,2018,4
Chance the Rapper,Forever Band,1,2018,1
Chance the Rapper,Supa Bwe,1,2018,1
Forever Band,Supa Bwe,1,2018,1
Lil Wayne,Swizz Beatz,1,2018,2
Pi’erre Bourne,Playboi Carti,1,2018,1
Diplo,Dua Lipa,1,2018,1
Diplo,Mark Ronson,1,2018,1
Diplo,Silk City,1,2018,1
Dua Lipa,Mark Ronson,1,2018,1
Dua Lipa,Silk City,1,2018,1
Mark Ronson,Silk City,1,2018,1
(G)I-DLE,Jaira Burns,1,2018,1
(G)I-DLE,K/DA,1,2018,1
(G)I-DLE,League of Legends,1,2018,1
(G)I-DLE,Madison Beer,1,2018,1
Jaira Burns,K/DA,1,2018,1
Jaira Burns,League of Legends,1,2018,1
Jaira Burns,Madison Beer,1,2018,1
K/DA,League of Legends,1,2018,1
K/DA,Madison Beer,1,2018,1
League of Legends,Madison Beer,1,2018,1
Julia Michaels,Lauv,1,2018,1
Joey Bada$$,XXXTENTACION,1,2018,1
Bad Bunny,Cardi B,1,2018,2
Cardi B,J Balvin,1,2018,2
A$AP Rocky,Juicy J,1,2018,1
Lil Wayne,Reginae Carter,1,2018,1
A$AP Rocky,BlocBoy JB,1,2018,1
Jack & Jack,Jonas Blue,1,2018,1
Chance the Rapper,Joey Purp,1,2018,1
Jonas Blue,Sabrina Carpenter,1,2018,1
Big Sean,Ty Dolla $ign,1,2018,1
Migos,Ty Dolla $ign,1,2018,1
Travis Scott,Ty Dolla $ign,1,2018,1
Kanye West,Lil Uzi Vert,1,2018,1
Kanye West,Travis Scott,1,2018,1
J Balvin,Liam Payne,1,2018,1
Juice WRLD,Ski Mask The Slump God,1,2018,2
Mike WiLL Made-It,Station Wagon P,1,2018,1
Pharrell Williams,Station Wagon P,1,2018,1
Quavo,Saweetie,1,2018,1
David Bowie,Queen,1,2018,2
Cardi B,SZA,1,2018,1
J. Cole,Wale,1,2018,1
Gucci Mane,Wiz Khalifa,1,2018,1
Pharrell Williams,Rae Sremmurd,1,2018,1
Pharrell Williams,Slim Jxmmi,1,2018,1
Pharrell Williams,Swae Lee,1,2018,1
Bas,J. Cole,1,2018,3
Lil Skies,Yung Pinch,1,2018,1
6ix9ine,Trippie Redd,1,2018,1
Lil Yachty,Social House,1,2018,1
John Lindahl,Logic,1,2018,1
John Lindahl,Wale,1,2018,1
Logic,Wale,1,2018,1
Cheat Codes,Little Mix,1,2018,1
Nicki Minaj,Swae Lee,1,2018,1
Lil Skies,Wiz Khalifa,1,2018,1
070 Shake,Diddy,1,2018,1
070 Shake,Nas,1,2018,1
Diddy,Nas,1,2018,1
Logic,Young Sinatra,1,2018,1
Eminem,Labrinth,1,2018,1
Eminem,Nicki Minaj,1,2018,1
Labrinth,Nicki Minaj,1,2018,1
2 Chainz,Logic,1,2018,1
G-Eazy,YBN Nahmir,1,2018,1
G-Eazy,Yo Gotti,1,2018,1
YBN Nahmir,Yo Gotti,1,2018,1
Jaden,Logic,1,2018,1
Dan Caplen,Jess Glynne,1,2018,1
Dan Caplen,Macklemore,1,2018,1
Dan Caplen,Rudimental,1,2018,1
Jess Glynne,Macklemore,1,2018,1
Jess Glynne,Rudimental,1,2018,1
Macklemore,Rudimental,1,2018,1
Anne-Marie,Marshmello,1,2018,2
Brett Eldredge,Meghan Trainor,1,2018,2
Calvin Harris,Jessie Reyez,1,2018,1
Calvin Harris,Sam Smith,1,2018,1
Jessie Reyez,Sam Smith,1,2018,1
2 Chainz,Offset,1,2018,1
Offset,YG,1,2018,1
Swae Lee,WizKid,1,2018,1
Meek Mill,Miguel,1,2018,1
Kendrick Lamar,Lil Wayne,1,2018,1
Lil Yachty,Ski Mask The Slump God,1,2018,1
Bazzi,Camila Cabello,1,2018,2
Drake,N.E.R.D,1,2018,1
Kanye West,Nicki Minaj,1,2018,2
6LACK,J. Cole,1,2018,2
BTS,Nicki Minaj,1,2018,1
Babes Wodumo,Zacari,1,2018,1
Gunna,Lil Durk,1,2018,1
Gunna,NAV,1,2018,2
Lil Baby,Lil Durk,1,2018,1
Lil Baby,NAV,1,2018,1
Lil Durk,NAV,1,2018,1
Conor Maynard,Kris Kross Amsterdam,1,2018,1
Conor Maynard,The Boy Next Door,1,2018,1
Kris Kross Amsterdam,The Boy Next Door,1,2018,1
A$AP Rocky,Kodak Black,1,2018,1
Drake,Meek Mill,1,2018,2
Belly,The Weeknd,1,2018,1
Madison Beer,Offset,1,2018,2
J Balvin,Zion & Lennox,1,2018,1
Drake,Gunna,1,2018,2
Lil Yachty,YoungBoy Never Broke Again,1,2018,1
6LACK,Offset,1,2018,1
James Arthur,Juicy J,1,2018,1
James Arthur,Marshmello,1,2018,1
Juicy J,Marshmello,1,2018,1
Meek Mill,Swizz Beatz,1,2018,1
Elton John,Young Thug,1,2018,1
2 Chainz,Eminem,1,2018,1
2 Chainz,Phresher,1,2018,1
Lil Skies,Rich The Kid,1,2018,1
Nel-Denarro,Trippie Redd,1,2018,1
Nel-Denarro,YoungBoy Never Broke Again,1,2018,1
Trippie Redd,YoungBoy Never Broke Again,1,2018,2
6ix9ine,Lil Baby,1,2018,2
Diplo,Lil Xan,1,2018,1
Lil Yachty,Ugly God,1,2018,1
Bhad Bhabie,Lil Yachty,1,2018,1
Kanye West,Travis Barker,1,2018,1
Kanye West,XXXTENTACION,1,2018,1
NAV,Quavo,1,2018,1
Imagine Dragons,Kygo,1,2018,1
David Guetta,Sia,1,2018,1
G-Eazy,Post Malone,1,2018,1
G-Eazy,YG,1,2018,2
Post Malone,YG,1,2018,1
Charli XCX,Troye Sivan,1,2018,1
Baby Goth,Trippie Redd,1,2018,1
Diplo,French Montana,1,2018,1
Diplo,Lil Pump,1,2018,1
Diplo,Zhavia Ward,1,2018,1
French Montana,Lil Pump,1,2018,1
French Montana,Zhavia Ward,1,2018,1
Lil Pump,Zhavia Ward,1,2018,1
Mark Ronson,Miley Cyrus,1,2018,2
6LACK,Khalid,1,2018,2
6LACK,Ty Dolla $ign,1,2018,2
Khalid,Ty Dolla $ign,1,2018,2
Bad Bunny,Enrique Iglesias,1,2018,1
Future,Lil Wayne,1,2018,1
JAY-Z,Meek Mill,1,2018,1
JAY-Z,Rick Ross,1,2018,1
Meek Mill,Rick Ross,1,2018,2
Calvin Harris,Normani,1,2018,1
Calvin Harris,WizKid,1,2018,1
Normani,WizKid,1,2018,1
Khalid,Swae Lee,1,2018,1
Drake,Mike WiLL Made-It,1,2018,1
Drake,Trouble,1,2018,1
Mike WiLL Made-It,Trouble,1,2018,1
Lil Pump,Lil Uzi Vert,1,2018,1
Clean Bandit,Demi Lovato,1,2018,1
Kygo,Sandro Cavazza,1,2018,2
Ariana Grande,Liz Gillies,1,2018,2
Lil Wayne,Snoop Dogg,1,2018,1
Liam Payne,Rita Ora,1,2018,1
Playboi Carti,Travis Scott,1,2018,1
KIDS SEE GHOSTS,Ty Dolla $ign,1,2018,1
A$AP Rocky,Kid Cudi,1,2018,1
A$AP Rocky,T.I.,1,2018,1
Kid Cudi,Moby,1,2018,1
Kid Cudi,T.I.,1,2018,1
Moby,T.I.,1,2018,1
Matt Ox,XXXTENTACION,1,2018,1
Shawn Mendes,Zedd,1,2018,1
Bryson Tiller,Playboi Carti,1,2018,1
Mozzy,REASON,1,2018,1
Mozzy,Sjava,1,2018,1
REASON,Sjava,1,2018,1
Gunna,Tory Lanez,1,2018,1
Calvin Harris,SZA,1,2018,1
Drake,Migos,1,2018,2
DJ Snake,French Montana,1,2018,1
DJ Snake,GASHI,1,2018,1
French Montana,GASHI,1,2018,1
Julia Michaels,Trippie Redd,1,2018,1
Kendrick Lamar,Travis Scott,1,2018,1
Blake Shelton,Gwen Stefani,1,2018,2
Sugarland,Taylor Swift,1,2018,1
Logic,The RattPack,1,2018,1
Lucy Rose,The RattPack,1,2018,1
Anne-Marie,James Arthur,1,2018,1
Ozuna,Reik,1,2018,1
Reik,Wisin,1,2018,1
Future,Rae Sremmurd,1,2018,1
Future,Slim Jxmmi,1,2018,1
Cappadonna,GZA,1,2018,1
Cappadonna,Ghostface Killah,1,2018,1
Cappadonna,Inspectah Deck,1,2018,1
Cappadonna,Jackpot Scotty Wotty,1,2018,1
Cappadonna,Logic,1,2018,1
Cappadonna,Masta Killa,1,2018,1
Cappadonna,Method Man,1,2018,1
Cappadonna,RZA,1,2018,1
Cappadonna,Raekwon,1,2018,1
Cappadonna,U-God,1,2018,1
GZA,Ghostface Killah,1,2018,1
GZA,Inspectah Deck,1,2018,1
GZA,Jackpot Scotty Wotty,1,2018,1
GZA,Logic,1,2018,1
GZA,Masta Killa,1,2018,1
GZA,Method Man,1,2018,1
GZA,RZA,1,2018,1
GZA,Raekwon,1,2018,1
GZA,U-God,1,2018,1
Ghostface Killah,Inspectah Deck,1,2018,1
Ghostface Killah,Jackpot Scotty Wotty,1,2018,1
Ghostface Killah,Logic,1,2018,1
Ghostface Killah,Masta Killa,1,2018,1
Ghostface Killah,Method Man,1,2018,1
Ghostface Killah,RZA,1,2018,1
Ghostface Killah,Raekwon,1,2018,1
Ghostface Killah,U-God,1,2018,1
Inspectah Deck,Jackpot Scotty Wotty,1,2018,1
Inspectah Deck,Logic,1,2018,1
Inspectah Deck,Masta Killa,1,2018,1
Inspectah Deck,Method Man,1,2018,1
Inspectah Deck,RZA,1,2018,1
Inspectah Deck,Raekwon,1,2018,1
Inspectah Deck,U-God,1,2018,1
Jackpot Scotty Wotty,Logic,1,2018,1
Jackpot Scotty Wotty,Masta Killa,1,2018,1
Jackpot Scotty Wotty,Method Man,1,2018,1
Jackpot Scotty Wotty,RZA,1,2018,1
Jackpot Scotty Wotty,Raekwon,1,2018,1
Jackpot Scotty Wotty,U-God,1,2018,1
Logic,Masta Killa,1,2018,1
Logic,Method Man,1,2018,1
Logic,RZA,1,2018,1
Logic,Raekwon,1,2018,1
Logic,U-God,1,2018,1
Masta Killa,Method Man,1,2018,1
Masta Killa,RZA,1,2018,1
Masta Killa,Raekwon,1,2018,1
Masta Killa,U-God,1,2018,1
Method Man,RZA,1,2018,1
Method Man,Raekwon,1,2018,1
Method Man,U-God,1,2018,1
RZA,Raekwon,1,2018,1
RZA,U-God,1,2018,1
Raekwon,U-God,1,2018,1
Gunna,Lil Uzi Vert,1,2018,1
Lil Baby,Lil Uzi Vert,1,2018,1
Beyoncé,Future,1,2018,1
Future,JAY-Z,1,2018,1
Cardi B,YG,1,2018,2
Empress Of,Khalid,1,2018,1
Calvin Harris,benny blanco,1,2018,1
Eminem,Joyner Lucas,1,2018,2
21 Savage,Kodak Black,1,2018,1
Kodak Black,Metro Boomin,1,2018,1
Alan Walker,Au/Ra,1,2018,1
Alan Walker,Tomine Harket,1,2018,1
Au/Ra,Tomine Harket,1,2018,1
Rich The Kid,Trippie Redd,1,2018,1
J Balvin,Maluma,1,2018,1
Maluma,Nicky Jam,1,2018,1
Maluma,Ozuna,1,2018,1
Calvin Harris,Dua Lipa,1,2018,1
21 Savage,A$AP Rocky,1,2018,1
21 Savage,Gucci Mane,1,2018,2
A$AP Rocky,London On Da Track,1,2018,1
Gucci Mane,London On Da Track,1,2018,2
Rae Sremmurd,The Weeknd,1,2018,1
Slim Jxmmi,The Weeknd,1,2018,1
Swae Lee,The Weeknd,1,2018,1
Nicki Minaj,Playboi Carti,1,2018,1
Pusha T,Rick Ross,1,2018,1
Future,Meek Mill,1,2018,2
Future,Roddy Ricch,1,2018,1
Meek Mill,Roddy Ricch,1,2018,2
Meek Mill,Young Thug,1,2018,1
Roddy Ricch,Young Thug,1,2018,1
Lil Peep,Marshmello,1,2018,1
Kodie Shane,Trippie Redd,1,2018,1
BlocBoy JB,Drake,1,2018,2
Juice WRLD,Young Scooter,1,2018,1
KIDS SEE GHOSTS,Louis Prima,1,2018,1
Ina Wroldsen,Jax Jones,1,2018,1
Gucci Mane,Lil Yachty,1,2018,2
Daniel Caesar,H.E.R.,1,2018,2
Big Sean,Logic,1,2018,1
Juice WRLD,Lil Yachty,1,2018,1
2 Chainz,K$upreme,1,2018,1
2 Chainz,Lil Yachty,1,2018,1
K$upreme,Lil Yachty,1,2018,1
Bebe Rexha,Cardi B,1,2018,1
Bebe Rexha,Charli XCX,1,2018,1
Bebe Rexha,Rita Ora,1,2018,1
Cardi B,Charli XCX,1,2018,1
Cardi B,Rita Ora,1,2018,1
Charli XCX,Rita Ora,1,2018,1
Keala Settle,Zac Efron,1,2018,1
The Greatest Showman Ensemble,Zac Efron,1,2018,1
Elley Duhé,Gryffin,1,2018,1
Bruno Mars,Cardi B,1,2018,2
Lil Pump,Maluma,1,2018,2
Lil Pump,Swae Lee,1,2018,2
Lil Pump,XXXTENTACION,1,2018,2
Maluma,Swae Lee,1,2018,2
Maluma,XXXTENTACION,1,2018,2
Swae Lee,XXXTENTACION,1,2018,2
Chris Brown,Lil Dicky,1,2018,1
Mac Miller,Miguel,1,2018,1
De La Ghetto,Jason Derulo,1,2018,1
De La Ghetto,Sofia Reyes,1,2018,1
Jason Derulo,Sofia Reyes,1,2018,1
David Guetta,Jason Derulo,1,2018,1
David Guetta,Nicki Minaj,1,2018,1
David Guetta,Willy William,1,2018,1
Jason Derulo,Willy William,1,2018,1
Nicki Minaj,Willy William,1,2018,1
Lil Yachty,Trippie Redd,1,2018,1
KIDS SEE GHOSTS,Pusha T,1,2018,1
Future,Rich The Kid,1,2018,1
Ab-Soul,Anderson .Paak,1,2018,1
Ab-Soul,James Blake,1,2018,1
Anderson .Paak,James Blake,1,2018,1
Elliott Trent,Tory Lanez,1,2018,1
Elliott Trent,Trippie Redd,1,2018,1
Lil Wayne,Rich The Kid,1,2018,2
Bastille,Marshmello,1,2018,2
Cardi B,Chance the Rapper,1,2018,1
2 Chainz,Lil Baby,1,2018,1
Anuel AA,Bantu,1,2018,2
Anuel AA,Nicki Minaj,1,2018,2
Bantu,Nicki Minaj,1,2018,2
Dzeko,Post Malone,1,2018,2
Dzeko,Preme,1,2018,2
Dzeko,Tiësto,1,2018,2
Post Malone,Preme,1,2018,2
Post Malone,Tiësto,1,2018,2
Preme,Tiësto,1,2018,2
Offset,Rich Brian,1,2018,1
21 Savage,Meek Mill,1,2018,1
Belly,NAV,1,2018,1
Lil Uzi Vert,Young Stoner Life Records,1,2018,1
Lil Uzi Vert,Young Thug,1,2018,2
Juice WRLD,Kodak Black,1,2018,2
Emani 22,Trippie Redd,1,2018,1
Famous Dex,Jay Critch,1,2018,1
Famous Dex,Lil Baby,1,2018,1
Famous Dex,Rich The Kid,1,2018,1
Jay Critch,Lil Baby,1,2018,1
Jay Critch,Rich The Kid,1,2018,2
Lil Baby,Rich The Kid,1,2018,1
NAV,Travis Scott,1,2018,1
BloodPop®,Hailee Steinfeld,1,2018,1
Lil Wayne,Travis Scott,1,2018,1
Hozier,Mavis Staples,1,2018,1
Logic,OneRepublic,1,2018,1
Clams Casino,Joji,1,2018,1
Cardi B,City Girls,1,2018,2
Cardi B,DJ Snake,1,2018,2
Cardi B,Selena Gomez,1,2018,2
DJ Snake,Ozuna,1,2018,2
DJ Snake,Selena Gomez,1,2018,2
Ozuna,Selena Gomez,1,2018,2
Kevin Gates,Quando Rondo,1,2018,1
Quando Rondo,YoungBoy Never Broke Again,1,2018,1
Kanye West,Pusha T,1,2018,1
Migos,Post Malone,1,2018,1
Future,Gunna,1,2018,2
Gunna,Juice WRLD,1,2018,1
Drake,French Montana,1,2018,2
Gucci Mane,YoungBoy Never Broke Again,1,2018,2
Carnage,Lil Pump,1,2018,1
Rich The Kid,Tory Lanez,1,2018,4
Dreamville,J. Cole,8,2019,8
Dreamville,JID,7,2019,7
Dreamville,EARTHGANG,6,2019,6
Bas,Dreamville,5,2019,5
Tyga,YG,5,2019,5
EARTHGANG,J. Cole,4,2019,4
Buddy,Dreamville,4,2019,4
J Balvin,Tyga,4,2019,4
EARTHGANG,JID,4,2019,4
Aloe Blacc,Avicii,3,2019,3
Dreamville,Young Nudy,3,2019,3
J. Cole,Young Nudy,3,2019,3
Eminem,Logic,3,2019,3
Juice WRLD,Lil Tecca,3,2019,3
Anuel AA,Ozuna,3,2019,3
5 Seconds of Summer,The Chainsmokers,3,2019,3
Bas,JID,3,2019,3
Buddy,Guapdad 4000,3,2019,3
Buddy,JID,3,2019,3
Dreamville,Guapdad 4000,3,2019,3
Blueface,YG,3,2019,3
Travis Barker,YUNGBLUD,3,2019,3
DJ Snake,J Balvin,3,2019,3
DJ Snake,Tyga,3,2019,3
Brendon Urie,Taylor Swift,3,2019,3
Post Malone,Travis Scott,3,2019,3
Drake,Rick Ross,3,2019,3
Cozz,Dreamville,3,2019,3
DaBaby,Lil Baby,3,2019,3
Offset,Quality Control,3,2019,3
Billy Ray Cyrus,Lil Nas X,3,2019,3
DaBaby,Quality Control,3,2019,3
Lil Baby,Post Malone,2,2019,2
Meek Mill,Post Malone,2,2019,2
Anuel AA,KAROL G,2,2019,2
Chance the Rapper,Gucci Mane,2,2019,2
DaBaby,Gucci Mane,2,2019,2
Migos,Mustard,2,2019,2
RANI,Sam Feldt,2,2019,2
Dreamville,Lute,2,2019,2
Marshmello,Roddy Ricch,2,2019,2
Gunna,Lil Mosey,2,2019,2
Bebe Rexha,The Chainsmokers,2,2019,2
ILLENIUM,Jon Bellion,2,2019,2
Blueface,Rich The Kid,2,2019,2
Dreamville,Smino,2,2019,2
EARTHGANG,Smino,2,2019,2
J. Cole,Smino,2,2019,2
Gunna,Roddy Ricch,2,2019,2
Ed Sheeran,Khalid,2,2019,2
Meek Mill,Quavo,2,2019,2
Chris Brown,Drake,2,2019,2
J. Cole,Travis Scott,2,2019,2
J. Cole,Young Thug,2,2019,2
Bas,Buddy,2,2019,2
Bas,Guapdad 4000,2,2019,2
Dreamville,Mez,2,2019,2
Guapdad 4000,JID,2,2019,2
Meek Mill,NAV,2,2019,2
Anuel AA,Darell,2,2019,2
Anuel AA,Nicky Jam,2,2019,2
Darell,Sech,2,2019,2
Chance the Rapper,DaBaby,2,2019,2
Disclosure,Khalid,2,2019,2
Gunna,Travis Scott,2,2019,2
Drake,Summer Walker,2,2019,2
9lokknine,YNW Melly,2,2019,2
Bruno Mars,Chris Stapleton,2,2019,2
Bruno Mars,Ed Sheeran,2,2019,2
Chris Stapleton,Ed Sheeran,2,2019,2
Chris Brown,Tyga,2,2019,2
Bryce Vine,YG,2,2019,2
Bas,EARTHGANG,2,2019,2
Bas,Young Nudy,2,2019,2
EARTHGANG,Young Nudy,2,2019,2
JID,Young Nudy,2,2019,2
A Boogie Wit da Hoodie,Roddy Ricch,2,2019,2
Game of Thrones,SZA,2,2019,2
Game of Thrones,The Weeknd,2,2019,2
Game of Thrones,Travis Scott,2,2019,2
SZA,The Weeknd,2,2019,2
The Weeknd,Travis Scott,2,2019,2
T-Pain,Tory Lanez,2,2019,2
Ed Sheeran,Yebba,2,2019,2
Buddy,EARTHGANG,2,2019,2
Cardi B,French Montana,2,2019,2
Cardi B,Post Malone,2,2019,2
Cardi B,Rvssian,2,2019,2
French Montana,Post Malone,2,2019,2
French Montana,Rvssian,2,2019,2
Post Malone,Rvssian,2,2019,2
Ed Sheeran,Stormzy,2,2019,2
Ozzy Osbourne,Post Malone,2,2019,2
Ozzy Osbourne,Travis Scott,2,2019,2
PnB Rock,Trippie Redd,2,2019,2
Post Malone,Roddy Ricch,2,2019,2
Post Malone,Tyga,2,2019,2
Roddy Ricch,Tyga,2,2019,2
Doja Cat,Tyga,2,2019,2
Gunna,Offset,2,2019,2
Lil Skies,PnB Rock,2,2019,2
Diplo,Major Lazer,2,2019,2
ILLENIUM,Lennon Stella,2,2019,2
ILLENIUM,The Chainsmokers,2,2019,2
Lennon Stella,The Chainsmokers,2,2019,2
Camila Cabello,Mark Ronson,2,2019,2
Buddy,Cozz,2,2019,2
Dreamville,Omen,2,2019,2
Trippie Redd,iann dior,2,2019,2
Brendon Urie,Panic! At The Disco,2,2019,2
Panic! At The Disco,Taylor Swift,2,2019,2
ScHoolboy Q,Travis Scott,2,2019,2
Chance the Rapper,Ed Sheeran,2,2019,2
Chance the Rapper,PnB Rock,2,2019,2
Ed Sheeran,PnB Rock,2,2019,2
Y2K,bbno$,2,2019,2
Ari Lennox,Dreamville,2,2019,2
Blueface,NLE Choppa,2,2019,2
Lil Baby,Lil Duke,2,2019,2
Lil Baby,Trippie Redd,2,2019,2
Lil Duke,Trippie Redd,2,2019,2
Camila Cabello,Shawn Mendes,2,2019,2
Fall Out Boy,Macklemore,2,2019,2
Fall Out Boy,Martin Garrix,2,2019,2
Macklemore,Martin Garrix,2,2019,2
Jon Z,Tyga,2,2019,2
Jon Z,YG,2,2019,2
Lil Tjay,Polo G,2,2019,2
Future,Halsey,2,2019,2
Halsey,Post Malone,2,2019,2
Kehlani,Ty Dolla $ign,2,2019,2
DaBaby,Post Malone,2,2019,2
Ant Clemons,Kanye West,2,2019,2
Blueface,G-Eazy,2,2019,2
Ed Sheeran,Justin Bieber,2,2019,2
DaBaby,Offset,2,2019,2
DaBaby,Trippie Redd,2,2019,2
DJ Khaled,Lil Baby,2,2019,2
DJ Khaled,Meek Mill,2,2019,2
Ariana Grande,Lana Del Rey,2,2019,2
Ariana Grande,Miley Cyrus,2,2019,2
Lana Del Rey,Miley Cyrus,2,2019,2
A Day To Remember,Marshmello,2,2019,2
Bad Bunny,Daddy Yankee,2,2019,2
Bad Bunny,Lunay,2,2019,2
Daddy Yankee,Lunay,2,2019,2
Machine Gun Kelly,Travis Barker,2,2019,2
Machine Gun Kelly,YUNGBLUD,2,2019,2
Gucci Mane,Logic,1,2019,1
Juice WRLD,YNW Melly,1,2019,1
Trippie Redd,YNW Melly,1,2019,1
Belly,Dom Kennedy,1,2019,1
Belly,Nipsey Hussle,1,2019,1
Dom Kennedy,Nipsey Hussle,1,2019,1
Diplo,Morgan Wallen,1,2019,1
James Blake,Metro Boomin,1,2019,1
James Blake,Travis Scott,1,2019,1
Lil Baby,Yo Gotti,1,2019,1
Post Malone,Young Thug,1,2019,1
Cast of Frozen 2,Idina Menzel,1,2019,1
Cast of Frozen 2,Jonathan Groff,1,2019,1
Cast of Frozen 2,Josh Gad,1,2019,1
Cast of Frozen 2,Kristen Bell,1,2019,1
Idina Menzel,Jonathan Groff,1,2019,1
Idina Menzel,Josh Gad,1,2019,1
Idina Menzel,Kristen Bell,1,2019,1
Jonathan Groff,Josh Gad,1,2019,1
Jonathan Groff,Kristen Bell,1,2019,1
Josh Gad,Kristen Bell,1,2019,1
5 Seconds of Summer,Julia Michaels,1,2019,1
21 Savage,DJ Snake,1,2019,1
21 Savage,Sheck Wes,1,2019,1
DJ Snake,Gucci Mane,1,2019,1
DJ Snake,Offset,1,2019,1
DJ Snake,Sheck Wes,1,2019,1
Gucci Mane,Sheck Wes,1,2019,1
Offset,Sheck Wes,1,2019,1
DaBaby,YoungBoy Never Broke Again,1,2019,1
Chance the Rapper,Francis and the Lights,1,2019,1
G-Eazy,Rich The Kid,1,2019,1
G-Eazy,Tyga,1,2019,1
Rich The Kid,Tyga,1,2019,1
Shawn Mendes,Taylor Swift,1,2019,1
A Touch Of Class,R3HAB,1,2019,1
Chance the Rapper,John Legend,1,2019,1
Drake,James Fauntleroy,1,2019,1
A Boogie Wit da Hoodie,Mustard,1,2019,1
A Boogie Wit da Hoodie,NAV,1,2019,1
A Boogie Wit da Hoodie,Playboi Carti,1,2019,1
Mustard,NAV,1,2019,1
Mustard,Playboi Carti,1,2019,1
DaBaby,Stunna 4 Vegas,1,2019,1
CHVRCHES,Marshmello,1,2019,1
Lizzo,Missy Elliott,1,2019,1
DaBaby,Dreamville,1,2019,1
DaBaby,J. Cole,1,2019,1
DaBaby,Lute,1,2019,1
J. Cole,Lute,1,2019,1
Cardi B,Lil Nas X,1,2019,1
The Game,Trippie Redd,1,2019,1
Marshmello,YUNGBLUD,1,2019,1
Marshmello,blackbear,1,2019,1
YUNGBLUD,blackbear,1,2019,1
Beyoncé,The Weeknd,1,2019,1
Macklemore,Why Don't We,1,2019,1
Dreamville,Saba,1,2019,1
EARTHGANG,Saba,1,2019,1
J. Cole,Saba,1,2019,1
Saba,Smino,1,2019,1
Brandy,Daniel Caesar,1,2019,1
Smokepurpp,Trippie Redd,1,2019,1
Gunna,Rich The Kid,1,2019,1
Rich The Kid,Young Thug,1,2019,1
Ky-Mani Marley,Stefflon Don,1,2019,1
Ky-Mani Marley,Vybz Kartel,1,2019,1
Ky-Mani Marley,XXXTENTACION,1,2019,1
Stefflon Don,Vybz Kartel,1,2019,1
Stefflon Don,XXXTENTACION,1,2019,1
Vybz Kartel,XXXTENTACION,1,2019,1
Meek Mill,Quality Control,1,2019,1
DJ Khaled,SZA,1,2019,1
Kane Brown,Marshmello,1,2019,1
Cardi B,DJ Khaled,1,2019,1
Fred Hammond,Kanye West,1,2019,1
Bad Bunny,Jhay Cortez,1,2019,1
J Balvin,Jhay Cortez,1,2019,1
Mike WiLL Made-It,Miley Cyrus,1,2019,1
Mike WiLL Made-It,Swae Lee,1,2019,1
Miley Cyrus,Swae Lee,1,2019,1
Chris King,Quan'ta,1,2019,1
Chris King,Trippie Redd,1,2019,1
Quan'ta,Trippie Redd,1,2019,1
Anuel AA,Daddy Yankee,1,2019,1
Anuel AA,J Balvin,1,2019,1
Daddy Yankee,J Balvin,1,2019,1
Daddy Yankee,KAROL G,1,2019,1
Daddy Yankee,Ozuna,1,2019,1
J Balvin,KAROL G,1,2019,1
KAROL G,Ozuna,1,2019,1
MAX,Quinn XCII,1,2019,1
NF,Sasha Sloan,1,2019,1
Lil Pump,Lil Wayne,1,2019,1
Chance the Rapper,Megan Thee Stallion,1,2019,1
Bas,Jace,1,2019,1
Bas,Mez,1,2019,1
Bas,Reese LAFLARE,1,2019,1
Bas,Ski Mask The Slump God,1,2019,1
Bas,Smokepurpp,1,2019,1
Buddy,Jace,1,2019,1
Buddy,Mez,1,2019,1
Buddy,Reese LAFLARE,1,2019,1
Buddy,Ski Mask The Slump God,1,2019,1
Buddy,Smokepurpp,1,2019,1
Dreamville,Jace,1,2019,1
Dreamville,Reese LAFLARE,1,2019,1
Dreamville,Ski Mask The Slump God,1,2019,1
Dreamville,Smokepurpp,1,2019,1
Guapdad 4000,Jace,1,2019,1
Guapdad 4000,Mez,1,2019,1
Guapdad 4000,Reese LAFLARE,1,2019,1
Guapdad 4000,Ski Mask The Slump God,1,2019,1
Guapdad 4000,Smokepurpp,1,2019,1
JID,Jace,1,2019,1
JID,Mez,1,2019,1
JID,Reese LAFLARE,1,2019,1
JID,Ski Mask The Slump God,1,2019,1
JID,Smokepurpp,1,2019,1
Jace,Mez,1,2019,1
Jace,Reese LAFLARE,1,2019,1
Jace,Ski Mask The Slump God,1,2019,1
Jace,Smokepurpp,1,2019,1
Mez,Reese LAFLARE,1,2019,1
Mez,Ski Mask The Slump God,1,2019,1
Mez,Smokepurpp,1,2019,1
Reese LAFLARE,Ski Mask The Slump God,1,2019,1
Reese LAFLARE,Smokepurpp,1,2019,1
Ski Mask The Slump God,Smokepurpp,1,2019,1
Blueface,Tyga,1,2019,1
Bad Bunny,Diplo,1,2019,1
Bad Bunny,Nitti Gritti,1,2019,1
Diplo,Nitti Gritti,1,2019,1
Ozuna,ROSALÍA,1,2019,1
DB Omerta,Kodak Black,1,2019,1
DB Omerta,NLE Choppa,1,2019,1
Kodak Black,NLE Choppa,1,2019,1
Anuel AA,Sech,1,2019,1
Nicky Jam,Sech,1,2019,1
Ozuna,Sech,1,2019,1
BTS,Lil Nas X,1,2019,1
BTS,RM,1,2019,1
Lil Nas X,RM,1,2019,1
Chance the Rapper,YK Osiris,1,2019,1
DaBaby,YK Osiris,1,2019,1
Gucci Mane,YK Osiris,1,2019,1
Camila Cabello,DaBaby,1,2019,1
Halsey,Travis Barker,1,2019,1
Halsey,YUNGBLUD,1,2019,1
Chris Brown,Lil Mosey,1,2019,1
Hit-Boy,Nipsey Hussle,1,2019,1
Hit-Boy,Roddy Ricch,1,2019,1
Nipsey Hussle,Roddy Ricch,1,2019,1
Agnes,Avicii,1,2019,1
Agnes,Vargas & Lagola,1,2019,1
Avicii,Vargas & Lagola,1,2019,1
Anuel AA,Brytiago,1,2019,1
Anuel AA,DJ Luian,1,2019,1
Anuel AA,Mambo Kingz,1,2019,1
Brytiago,DJ Luian,1,2019,1
Brytiago,Darell,1,2019,1
Brytiago,Mambo Kingz,1,2019,1
Brytiago,Nicky Jam,1,2019,1
DJ Luian,Darell,1,2019,1
DJ Luian,Nicky Jam,1,2019,1
Darell,Mambo Kingz,1,2019,1
Mambo Kingz,Nicky Jam,1,2019,1
Blueface,Cardi B,1,2019,1
Billie Eilish,Justin Bieber,1,2019,1
Chris Brown,Marshmello,1,2019,1
Marshmello,Tyga,1,2019,1
ILLENIUM,X Ambassadors,1,2019,1
Chris Brown,London On Da Track,1,2019,1
Chris Brown,Summer Walker,1,2019,1
London On Da Track,Summer Walker,1,2019,1
David Guetta,Martin Solveig,1,2019,1
Calvin Harris,Rag'n'Bone Man,1,2019,1
J Balvin,Selena Gomez,1,2019,1
J Balvin,Tainy,1,2019,1
J Balvin,benny blanco,1,2019,1
Selena Gomez,Tainy,1,2019,1
Selena Gomez,benny blanco,1,2019,1
Tainy,benny blanco,1,2019,1
ZAYN,Zhavia Ward,1,2019,1
Ariana Grande,Normani,1,2019,1
Nicki Minaj,Normani,1,2019,1
A Boogie Wit da Hoodie,Jay Critch,1,2019,1
A Boogie Wit da Hoodie,Rich The Kid,1,2019,1
EARTHGANG,Guapdad 4000,1,2019,1
Burna Boy,Ed Sheeran,1,2019,1
Burna Boy,Stormzy,1,2019,1
Dixie Chicks,Taylor Swift,1,2019,1
Kygo,Valerie Broussard,1,2019,1
Big Sean,Jhené Aiko,1,2019,1
Doe Boy,Future,1,2019,1
Doe Boy,Meek Mill,1,2019,1
Halsey,Juice WRLD,1,2019,1
Chance the Rapper,MadeinTYO,1,2019,1
DaBaby,MadeinTYO,1,2019,1
Summer Walker,Usher,1,2019,1
Gucci Mane,Gunna,1,2019,1
Offset,Stunna 4 Vegas,1,2019,1
Lauv,Troye Sivan,1,2019,1
Goodboys,MEDUZA,1,2019,1
Gunna,Lil Skies,1,2019,1
Chance the Rapper,Murda Beatz,1,2019,1
Chance the Rapper,TisaKorean,1,2019,1
Murda Beatz,TisaKorean,1,2019,1
Mustard,Roddy Ricch,1,2019,1
Anitta,Rita Ora,1,2019,1
Anitta,Sofia Reyes,1,2019,1
Rita Ora,Sofia Reyes,1,2019,1
Chance the Rapper,CocoRosie,1,2019,1
Chance the Rapper,Taylor Bennett,1,2019,1
CocoRosie,Taylor Bennett,1,2019,1
Diplo,El Alfa,1,2019,1
Diplo,J Balvin,1,2019,1
El Alfa,J Balvin,1,2019,1
El Alfa,Major Lazer,1,2019,1
J Balvin,Major Lazer,1,2019,1
Anuel AA,Tainy,1,2019,1
Ozuna,Tainy,1,2019,1
Playboi Carti,Trippie Redd,1,2019,1
Bas,Cozz,1,2019,1
Bas,Yung Baby Tate,1,2019,1
Buddy,Yung Baby Tate,1,2019,1
Cozz,Guapdad 4000,1,2019,1
Cozz,Yung Baby Tate,1,2019,1
Dreamville,Yung Baby Tate,1,2019,1
Guapdad 4000,Yung Baby Tate,1,2019,1
JP Saxe,Julia Michaels,1,2019,1
Galantis,OneRepublic,1,2019,1
DaBaby,Moneybagg Yo,1,2019,1
Ariana Grande,Lizzo,1,2019,1
BTS,Halsey,1,2019,1
Brooks & Dunn,Luke Combs,1,2019,1
KAROL G,Nicki Minaj,1,2019,1
Chance the Rapper,Smino,1,2019,1
DaVionne,Dreamville,1,2019,1
DaVionne,Lute,1,2019,1
DaVionne,Mez,1,2019,1
DaVionne,Omen,1,2019,1
Lute,Mez,1,2019,1
Lute,Omen,1,2019,1
Mez,Omen,1,2019,1
Dreamville,T.I.,1,2019,1
JID,T.I.,1,2019,1
2 Chainz,Kendrick Lamar,1,2019,1
Childish Major,Cozz,1,2019,1
Childish Major,Dreamville,1,2019,1
Childish Major,REASON,1,2019,1
Cozz,REASON,1,2019,1
Dreamville,REASON,1,2019,1
Kygo,The Chainsmokers,1,2019,1
Quavo,Young Thug,1,2019,1
Chelsea Cutler,Kygo,1,2019,1
Kanye West,YNW Melly,1,2019,1
Machine Gun Kelly,Naomi Wild,1,2019,1
Chris Brown,Ink,1,2019,1
Chris Brown,Justin Bieber,1,2019,1
Ink,Justin Bieber,1,2019,1
Ari Lennox,Baby Rose,1,2019,1
Ari Lennox,Bas,1,2019,1
Baby Rose,Bas,1,2019,1
Baby Rose,Dreamville,1,2019,1
Ghostface Killah,Miley Cyrus,1,2019,1
Machine Gun Kelly,Young Thug,1,2019,1
Death Stranding: Timefall,Diplo,1,2019,1
Death Stranding: Timefall,Khalid,1,2019,1
Death Stranding: Timefall,Major Lazer,1,2019,1
Diplo,Khalid,1,2019,1
Khalid,Major Lazer,1,2019,1
A Boogie Wit da Hoodie,Internet Money,1,2019,1
A Boogie Wit da Hoodie,Lil Tecca,1,2019,1
Internet Money,Lil Tecca,1,2019,1
BTS,Charli XCX,1,2019,1
Drake,Swae Lee,1,2019,1
Chance the Rapper,Lil Durk,1,2019,1
Chance the Rapper,Nicki Minaj,1,2019,1
Lil Durk,Nicki Minaj,1,2019,1
Beyoncé,Childish Gambino,1,2019,1
Beyoncé,Oumou Sangaré,1,2019,1
Childish Gambino,JAY-Z,1,2019,1
Childish Gambino,Oumou Sangaré,1,2019,1
JAY-Z,Oumou Sangaré,1,2019,1
Ed Sheeran,Ella Mai,1,2019,1
The Chainsmokers,Ty Dolla $ign,1,2019,1
The Chainsmokers,bülow,1,2019,1
Ty Dolla $ign,bülow,1,2019,1
A Boogie Wit da Hoodie,Tee Grizzley,1,2019,1
A Boogie Wit da Hoodie,YNW Melly,1,2019,1
Tee Grizzley,YNW Melly,1,2019,1
Ariana Grande,Social House,1,2019,1
Gucci Mane,Lil Uzi Vert,1,2019,1
Lil Uzi Vert,Young Dolph,1,2019,1
NAV,Young Thug,1,2019,1
Bryson Tiller,Summer Walker,1,2019,1
Evan Rachel Wood,Idina Menzel,1,2019,1
AURORA,Idina Menzel,1,2019,1
Kygo,Whitney Houston,1,2019,1
A Boogie Wit da Hoodie,Lil Uzi Vert,1,2019,1
Chris Brown,Tory Lanez,1,2019,1
G-Eazy,Logic,1,2019,1
Jonas Blue,Rita Ora,1,2019,1
Jonas Blue,Tiësto,1,2019,1
Rita Ora,Tiësto,1,2019,1
Nipsey Hussle,YG,1,2019,1
Anne-Marie,Lauv,1,2019,1
Chris Brown,J Balvin,1,2019,1
Dan + Shay,Justin Bieber,1,2019,1
Kid Cudi,ScHoolboy Q,1,2019,1
The Chainsmokers,Winona Oak,1,2019,1
Gucci Mane,Lil Skies,1,2019,1
Quavo,Tory Lanez,1,2019,1
Quavo,Tyga,1,2019,1
Tory Lanez,Tyga,1,2019,1
Meek Mill,Wale,1,2019,1
Anderson .Paak,Smokey Robinson,1,2019,1
ScHoolboy Q,Ty Dolla $ign,1,2019,1
ScHoolboy Q,YG,1,2019,1
Quality Control,Young Thug,1,2019,1
Chance the Rapper,Twista,1,2019,1
Chance the Rapper,Vic Mensa,1,2019,1
Twista,Vic Mensa,1,2019,1
DJ Khaled,Gunna,1,2019,1
Gunna,Lil Wayne,1,2019,1
Lil Baby,ScHoolboy Q,1,2019,1
Blueface,Lil Pump,1,2019,1
Ant Clemons,Ty Dolla $ign,1,2019,1
Kanye West,Ty Dolla $ign,1,2019,1
Captain Cuts,Felix Jaehn,1,2019,1
Captain Cuts,Georgia Ku,1,2019,1
Captain Cuts,NOTD,1,2019,1
Felix Jaehn,Georgia Ku,1,2019,1
Felix Jaehn,NOTD,1,2019,1
Georgia Ku,NOTD,1,2019,1
Kanye West,Sunday Service Choir,1,2019,1
Brent Faiyaz,Juice WRLD,1,2019,1
DaBaby,Megan Thee Stallion,1,2019,1
Jonas Blue,Theresa Rex,1,2019,1
Bad Bunny,Marciano Cantero,1,2019,1
J Balvin,Marciano Cantero,1,2019,1
Camila Cabello,Cardi B,1,2019,1
Camila Cabello,Ed Sheeran,1,2019,1
Cardi B,Ed Sheeran,1,2019,1
Joyner Lucas,Logic,1,2019,1
Kelsea Ballerini,Thomas Rhett,1,2019,1
Juice WRLD,YoungBoy Never Broke Again,1,2019,1
BIA,Russ,1,2019,1
ALLBLACK,Blueface,1,2019,1
ALLBLACK,G-Eazy,1,2019,1
ALLBLACK,YG,1,2019,1
DaBaby,Nicki Minaj,1,2019,1
Khalid,SAFE,1,2019,1
Megan Thee Stallion,Nicki Minaj,1,2019,1
Megan Thee Stallion,Ty Dolla $ign,1,2019,1
A Boogie Wit da Hoodie,Denzel Curry,1,2019,1
A Boogie Wit da Hoodie,Rick Ross,1,2019,1
Denzel Curry,Rick Ross,1,2019,1
Flipp Dinero,Lil Baby,1,2019,1
Bad Bunny,Mr Eazi,1,2019,1
J Balvin,Mr Eazi,1,2019,1
2 Chainz,Ariana Grande,1,2019,1
Labrinth,Zendaya,1,2019,1
Ariana Grande,Victoria Monét,1,2019,1
A$AP Ferg,Big Sean,1,2019,1
A$AP Ferg,Hit-Boy,1,2019,1
Big Sean,Hit-Boy,1,2019,1
Kendrick Lamar,Nipsey Hussle,1,2019,1
Kendrick Lamar,SiR,1,2019,1
Playboi Carti,Quality Control,1,2019,1
Future,Lil Baby,1,2019,1
A$AP Ferg,Mustard,1,2019,1
A$AP Ferg,Tyga,1,2019,1
A$AP Ferg,YG,1,2019,1
A$AP Rocky,Mustard,1,2019,1
A$AP Rocky,Tyga,1,2019,1
Mustard,Tyga,1,2019,1
Gucci Mane,Megan Thee Stallion,1,2019,1
Dreamville,Vince Staples,1,2019,1
J. Cole,Vince Staples,1,2019,1
JID,Vince Staples,1,2019,1
A Boogie Wit da Hoodie,Ed Sheeran,1,2019,1
A Boogie Wit da Hoodie,Meek Mill,1,2019,1
Ed Sheeran,Meek Mill,1,2019,1
Beyoncé,Blue Ivy,1,2019,1
Beyoncé,SAINt JHN,1,2019,1
Beyoncé,WizKid,1,2019,1
Blue Ivy,SAINt JHN,1,2019,1
Blue Ivy,WizKid,1,2019,1
SAINt JHN,WizKid,1,2019,1
J. Cole,Offset,1,2019,1
Black Eyed Peas,J Balvin,1,2019,1
Billy Ray Cyrus,Mason Ramsey,1,2019,1
Billy Ray Cyrus,Young Thug,1,2019,1
Lil Nas X,Mason Ramsey,1,2019,1
Lil Nas X,Young Thug,1,2019,1
Mason Ramsey,Young Thug,1,2019,1
John Mayer,Khalid,1,2019,1
Daniel Caesar,John Mayer,1,2019,1
DJ Khaled,John Legend,1,2019,1
DJ Khaled,Nipsey Hussle,1,2019,1
John Legend,Nipsey Hussle,1,2019,1
DaBaby,Kevin Gates,1,2019,1
50 Cent,Ed Sheeran,1,2019,1
50 Cent,Eminem,1,2019,1
Calboy,Chance the Rapper,1,2019,1
Katy Perry,Zedd,1,2019,1
Machine Gun Kelly,Trippie Redd,1,2019,1
Buddy,J. Cole,1,2019,1
Buddy,Smino,1,2019,1
Cozz,EARTHGANG,1,2019,1
Cozz,J. Cole,1,2019,1
Cozz,JID,1,2019,1
Cozz,Smino,1,2019,1
JID,Smino,1,2019,1
Gucci Mane,Justin Bieber,1,2019,1
Big Sean,Chris Brown,1,2019,1
Big Sean,Lil Wayne,1,2019,1
Chris Brown,DJ Khaled,1,2019,1
Chris Brown,Lil Wayne,1,2019,1
Dave,Ed Sheeran,1,2019,1
Dave,Paulo Londra,1,2019,1
Ed Sheeran,Paulo Londra,1,2019,1
Chance the Rapper,Randy Newman,1,2019,1
A Boogie Wit da Hoodie,Summer Walker,1,2019,1
Ari Lennox,Chance the Rapper,1,2019,1
Ari Lennox,En Vogue,1,2019,1
Ari Lennox,Kierra Sheard,1,2019,1
Chance the Rapper,En Vogue,1,2019,1
Chance the Rapper,Kierra Sheard,1,2019,1
En Vogue,Kierra Sheard,1,2019,1
Clipse,Kanye West,1,2019,1
Clipse,Kenny G,1,2019,1
Kanye West,Kenny G,1,2019,1
DaBaby,Gunna,1,2019,1
Gunna,Quality Control,1,2019,1
A Boogie Wit da Hoodie,Khalid,1,2019,1
88-Keys,Mac Miller,1,2019,1
88-Keys,Sia,1,2019,1
Mac Miller,Sia,1,2019,1
Jhené Aiko,Summer Walker,1,2019,1
Logic,YBN Cordae,1,2019,1
CeeLo Green,Offset,1,2019,1
Chance the Rapper,Shawn Mendes,1,2019,1
El Guincho,J Balvin,1,2019,1
El Guincho,ROSALÍA,1,2019,1
J Balvin,ROSALÍA,1,2019,1
Future,Travis Scott,1,2019,1
DaBaby,Migos,1,2019,1
21 Savage,Bazzi,1,2019,1
Farruko,Pedro Capó,1,2019,1
G-Eazy,Gunna,1,2019,1
Lil Durk,Lil Tjay,1,2019,1
Lil Nas X,Travis Barker,1,2019,1
Julia Michaels,Niall Horan,1,2019,1
Michael Bublé,Shania Twain,1,2019,1
BTS,Lauv,1,2019,1
Jeremih,Wale,1,2019,1
21 Savage,Doe Boy,1,2019,1
21 Savage,Young Thug,1,2019,1
Doe Boy,Young Thug,1,2019,1
Dreamville,KEY!,1,2019,1
Dreamville,Maxo Kream,1,2019,1
Dreamville,Zoink Gang,1,2019,1
J. Cole,KEY!,1,2019,1
J. Cole,Maxo Kream,1,2019,1
J. Cole,Zoink Gang,1,2019,1
KEY!,Maxo Kream,1,2019,1
KEY!,Zoink Gang,1,2019,1
Maxo Kream,Zoink Gang,1,2019,1
Chance the Rapper,Death Cab for Cutie,1,2019,1
Fall Out Boy,ILOVEMAKONNEN,1,2019,1
Fall Out Boy,Lil Peep,1,2019,1
ILOVEMAKONNEN,Lil Peep,1,2019,1
Alan Walker,Farruko,1,2019,1
Alan Walker,Sabrina Carpenter,1,2019,1
Farruko,Sabrina Carpenter,1,2019,1
Kodak Black,London On Da Track,1,2019,1
6LACK,ScHoolboy Q,1,2019,1
Eric Church,Luke Combs,1,2019,1
Ed Sheeran,H.E.R.,1,2019,1
SHAED,ZAYN,1,2019,1
Kina,Snøw,1,2019,1
Ari Lennox,Dreezy,1,2019,1
Ari Lennox,Omen,1,2019,1
Ari Lennox,Ty Dolla $ign,1,2019,1
Dreamville,Dreezy,1,2019,1
Dreamville,Ty Dolla $ign,1,2019,1
Dreezy,Omen,1,2019,1
Dreezy,Ty Dolla $ign,1,2019,1
Omen,Ty Dolla $ign,1,2019,1
Ed Sheeran,Travis Scott,1,2019,1
Ellie Goulding,Juice WRLD,1,2019,1
Lil Uzi Vert,Yo Gotti,1,2019,1
Santana,Tyga,1,2019,1
Santana,YG,1,2019,1
Lil Wayne,Tory Lanez,1,2019,1
Blueface,French Montana,1,2019,1
Blueface,Lil Tjay,1,2019,1
French Montana,Lil Tjay,1,2019,1
Rico Nasty,XXXTENTACION,1,2019,1
Snoop Dogg,Tory Lanez,1,2019,1
Ed Sheeran,J Hus,1,2019,1
Ed Sheeran,Young Thug,1,2019,1
J Hus,Young Thug,1,2019,1
Kehlani,Zedd,1,2019,1
Drake,J. Cole,1,2019,1
Diplo,Jonas Brothers,1,2019,1
Anderson .Paak,YBN Cordae,1,2019,1
DJ Khaled,J Balvin,1,2019,1
J Balvin,Jeremih,1,2019,1
J Balvin,Lil Baby,1,2019,1
J Balvin,Meek Mill,1,2019,1
Jeremih,Lil Baby,1,2019,1
21 Savage,ScHoolboy Q,1,2019,1
DJ Khaled,Post Malone,1,2019,1
Denzel Curry,Smokepurpp,1,2019,1
DaBaby,Lil Nas X,1,2019,1
Meek Mill,Mustard,1,2019,1
Meek Mill,YG,1,2019,1
Big Rube,Offset,1,2019,1
Gucci Mane,Quality Control,1,2019,1
Migos,Quality Control,1,2019,1
Ashnikko,Yung Baby Tate,1,2019,1
Normani,Sam Smith,1,2019,1
Kygo,Rita Ora,1,2019,1
Carly Rae Jepsen,Gryffin,1,2019,1
Ed Sheeran,Skrillex,1,2019,1
Clever,Juice WRLD,1,2019,1
Clever,Rvssian,1,2019,1
Juice WRLD,Rvssian,1,2019,1
Fenix Flexin,Master Kato,1,2019,1
Fenix Flexin,OHGEESY,1,2019,1
Fenix Flexin,Rob Vicious,1,2019,1
Fenix Flexin,Shoreline Mafia,1,2019,1
Master Kato,OHGEESY,1,2019,1
Master Kato,Rob Vicious,1,2019,1
Master Kato,Shoreline Mafia,1,2019,1
OHGEESY,Rob Vicious,1,2019,1
OHGEESY,Shoreline Mafia,1,2019,1
Rob Vicious,Shoreline Mafia,1,2019,1
J. Cole,Ty Dolla $ign,1,2019,1
Daddy Yankee,Snow,1,2019,1
Lil Mosey,Trippie Redd,1,2019,1
Bad Bunny,Tainy,1,2019,1
City Girls,French Montana,1,2019,1
LANY,Lauv,1,2019,1
Anuel AA,Romeo Santos,1,2019,1
Gunna,Playboi Carti,1,2019,1
Gunna,Tyga,1,2019,1
