Source,Target,Type,Weight
1,1,Undirected,436
2,1,Undirected,244
3,4,Undirected,208
4,4,Undirected,179
4,12,Undirected,151
4,5,Undirected,145
5,7,Undirected,142
6,1,Undirected,141
4,19,Undirected,137
1,26,Undirected,129
7,14,Undirected,125
4,7,Undirected,125
8,4,Undirected,121
9,7,Undirected,109
5,14,Undirected,98
3,12,Undirected,97
3,5,Undirected,94
7,7,Undirected,90
3,19,Undirected,89
9,5,Undirected,89
1,22,Undirected,85
3,8,Undirected,77
9,4,Undirected,76
9,14,Undirected,73
10,4,Undirected,71
4,14,Undirected,71
5,12,Undirected,70
3,7,Undirected,66
7,15,Undirected,66
11,20,Undirected,65
3,3,Undirected,64
12,19,Undirected,62
8,19,Undirected,61
13,1,Undirected,60
5,5,Undirected,60
8,12,Undirected,57
5,15,Undirected,56
12,7,Undirected,55
14,14,Undirected,50
15,14,Undirected,50
2,26,Undirected,47
3,14,Undirected,44
4,15,Undirected,44
16,4,Undirected,43
2,2,Undirected,40
17,7,Undirected,40
9,15,Undirected,40
18,14,Undirected,37
3,10,Undirected,36
9,9,Undirected,36
19,19,Undirected,35
3,9,Undirected,35
12,14,Undirected,34
8,5,Undirected,34
11,11,Undirected,34
4,204,Undirected,34
2,6,Undirected,33
5,19,Undirected,33
9,12,Undirected,33
11,21,Undirected,33
10,12,Undirected,32
17,5,Undirected,32
11,76,Undirected,32
17,4,Undirected,31
20,20,Undirected,31
18,7,Undirected,30
21,20,Undirected,30
20,76,Undirected,29
12,12,Undirected,28
22,22,Undirected,26
8,8,Undirected,26
23,4,Undirected,26
4,65,Undirected,26
3,15,Undirected,26
4,37,Undirected,25
3,204,Undirected,25
23,8,Undirected,24
24,4,Undirected,24
19,204,Undirected,24
25,1,Undirected,23
11,46,Undirected,23
11,4,Undirected,23
10,19,Undirected,23
11,57,Undirected,23
23,19,Undirected,22
3,16,Undirected,22
8,16,Undirected,22
16,19,Undirected,22
4,34,Undirected,22
8,7,Undirected,22
7,19,Undirected,22
18,5,Undirected,22
20,46,Undirected,22
8,204,Undirected,22
17,9,Undirected,22
20,57,Undirected,22
6,26,Undirected,21
12,15,Undirected,21
18,4,Undirected,21
8,10,Undirected,21
26,26,Undirected,20
23,3,Undirected,20
16,12,Undirected,20
12,65,Undirected,20
27,7,Undirected,20
1,72,Undirected,20
17,14,Undirected,20
13,2,Undirected,19
1,224,Undirected,19
6,22,Undirected,19
28,4,Undirected,19
3,65,Undirected,19
29,4,Undirected,19
4,20,Undirected,19
4,195,Undirected,19
2,22,Undirected,18
30,4,Undirected,18
8,34,Undirected,18
8,14,Undirected,18
14,19,Undirected,18
9,18,Undirected,18
31,7,Undirected,18
32,9,Undirected,18
32,7,Undirected,18
33,4,Undirected,17
3,34,Undirected,17
34,19,Undirected,17
17,3,Undirected,17
5,27,Undirected,17
3,11,Undirected,17
4,51,Undirected,17
5,195,Undirected,17
22,125,Undirected,16
3,37,Undirected,16
8,37,Undirected,16
35,4,Undirected,16
36,4,Undirected,16
7,195,Undirected,16
1,125,Undirected,15
13,13,Undirected,15
37,19,Undirected,15
38,4,Undirected,15
38,7,Undirected,15
3,24,Undirected,15
24,19,Undirected,15
16,7,Undirected,15
17,12,Undirected,15
10,5,Undirected,15
25,22,Undirected,14
39,1,Undirected,14
6,6,Undirected,14
40,14,Undirected,14
41,19,Undirected,14
41,4,Undirected,14
42,5,Undirected,14
42,7,Undirected,14
18,15,Undirected,14
21,46,Undirected,14
3,20,Undirected,14
4,27,Undirected,14
31,14,Undirected,14
17,15,Undirected,14
38,5,Undirected,13
41,8,Undirected,13
16,5,Undirected,13
43,4,Undirected,13
32,4,Undirected,13
44,7,Undirected,13
1,7,Undirected,13
45,7,Undirected,13
1,21,Undirected,13
1,20,Undirected,13
31,5,Undirected,13
32,5,Undirected,13
12,204,Undirected,13
21,76,Undirected,13
7,243,Undirected,12
42,4,Undirected,12
9,27,Undirected,12
46,76,Undirected,12
11,5,Undirected,12
42,14,Undirected,12
15,15,Undirected,12
47,4,Undirected,12
21,57,Undirected,12
10,7,Undirected,12
17,18,Undirected,11
48,4,Undirected,11
49,7,Undirected,11
50,7,Undirected,11
48,12,Undirected,11
19,65,Undirected,11
9,19,Undirected,11
15,19,Undirected,11
4,268,Undirected,11
44,14,Undirected,11
51,19,Undirected,11
5,20,Undirected,11
1,5,Undirected,11
4,84,Undirected,11
45,9,Undirected,11
3,18,Undirected,11
52,4,Undirected,11
9,31,Undirected,11
9,195,Undirected,11
32,14,Undirected,11
40,7,Undirected,10
3,41,Undirected,10
23,16,Undirected,10
53,1,Undirected,10
8,9,Undirected,10
8,15,Undirected,10
16,14,Undirected,10
7,205,Undirected,10
11,54,Undirected,10
54,20,Undirected,10
55,7,Undirected,10
11,12,Undirected,10
3,51,Undirected,10
8,51,Undirected,10
43,3,Undirected,10
1,14,Undirected,10
56,7,Undirected,10
7,66,Undirected,10
18,12,Undirected,10
49,4,Undirected,10
4,50,Undirected,10
55,14,Undirected,10
57,46,Undirected,10
57,76,Undirected,10
30,8,Undirected,9
28,8,Undirected,9
30,19,Undirected,9
28,19,Undirected,9
8,24,Undirected,9
16,34,Undirected,9
40,5,Undirected,9
24,12,Undirected,9
49,5,Undirected,9
5,50,Undirected,9
29,10,Undirected,9
58,1,Undirected,9
1,196,Undirected,9
56,14,Undirected,9
42,9,Undirected,9
45,14,Undirected,9
11,7,Undirected,9
44,5,Undirected,9
38,14,Undirected,9
14,195,Undirected,9
3,195,Undirected,9
59,4,Undirected,9
29,12,Undirected,9
5,243,Undirected,8
33,12,Undirected,8
3,33,Undirected,8
48,19,Undirected,8
13,53,Undirected,8
49,14,Undirected,8
50,14,Undirected,8
42,12,Undirected,8
56,4,Undirected,8
3,268,Undirected,8
19,268,Undirected,8
60,4,Undirected,8
5,65,Undirected,8
1,174,Undirected,8
1,202,Undirected,8
1,9,Undirected,8
56,5,Undirected,8
61,9,Undirected,8
61,7,Undirected,8
38,9,Undirected,8
31,4,Undirected,8
32,15,Undirected,8
29,3,Undirected,8
11,60,Undirected,8
60,20,Undirected,8
16,10,Undirected,8
7,20,Undirected,8
62,1,Undirected,7
63,1,Undirected,7
35,3,Undirected,7
3,36,Undirected,7
8,64,Undirected,7
64,4,Undirected,7
64,19,Undirected,7
55,5,Undirected,7
40,9,Undirected,7
40,4,Undirected,7
4,66,Undirected,7
8,268,Undirected,7
21,54,Undirected,7
4,76,Undirected,7
3,67,Undirected,7
24,5,Undirected,7
5,84,Undirected,7
45,5,Undirected,7
34,12,Undirected,7
43,12,Undirected,7
44,4,Undirected,7
59,5,Undirected,7
59,9,Undirected,7
59,7,Undirected,7
32,3,Undirected,7
3,49,Undirected,7
3,50,Undirected,7
10,10,Undirected,7
29,5,Undirected,7
5,204,Undirected,7
21,21,Undirected,7
65,204,Undirected,7
66,14,Undirected,7
10,14,Undirected,7
47,19,Undirected,7
5,205,Undirected,7
27,14,Undirected,7
2,25,Undirected,6
35,12,Undirected,6
36,12,Undirected,6
28,10,Undirected,6
28,12,Undirected,6
17,40,Undirected,6
8,48,Undirected,6
55,4,Undirected,6
16,15,Undirected,6
17,19,Undirected,6
48,5,Undirected,6
48,7,Undirected,6
43,19,Undirected,6
30,3,Undirected,6
28,3,Undirected,6
39,2,Undirected,6
54,76,Undirected,6
3,60,Undirected,6
4,54,Undirected,6
3,215,Undirected,6
3,217,Undirected,6
67,4,Undirected,6
8,11,Undirected,6
11,19,Undirected,6
8,20,Undirected,6
20,19,Undirected,6
68,14,Undirected,6
69,14,Undirected,6
11,14,Undirected,6
70,1,Undirected,6
52,5,Undirected,6
52,19,Undirected,6
3,52,Undirected,6
71,4,Undirected,6
72,26,Undirected,6
9,243,Undirected,6
12,195,Undirected,6
17,31,Undirected,6
4,85,Undirected,6
49,12,Undirected,6
12,50,Undirected,6
73,4,Undirected,6
74,3,Undirected,6
75,3,Undirected,6
74,4,Undirected,6
75,4,Undirected,6
76,76,Undirected,6
2,21,Undirected,6
2,20,Undirected,6
12,20,Undirected,6
77,7,Undirected,6
78,7,Undirected,6
24,204,Undirected,6
12,37,Undirected,6
23,7,Undirected,6
8,47,Undirected,6
4,46,Undirected,6
56,9,Undirected,6
9,66,Undirected,6
5,66,Undirected,6
4,243,Undirected,5
62,22,Undirected,5
63,22,Undirected,5
25,6,Undirected,5
30,10,Undirected,5
30,12,Undirected,5
3,64,Undirected,5
16,16,Undirected,5
48,24,Undirected,5
48,34,Undirected,5
22,269,Undirected,5
3,79,Undirected,5
8,79,Undirected,5
4,79,Undirected,5
79,19,Undirected,5
79,65,Undirected,5
8,65,Undirected,5
3,42,Undirected,5
17,8,Undirected,5
16,9,Undirected,5
43,10,Undirected,5
40,15,Undirected,5
18,205,Undirected,5
80,4,Undirected,5
37,204,Undirected,5
12,76,Undirected,5
4,215,Undirected,5
4,217,Undirected,5
81,4,Undirected,5
23,23,Undirected,5
23,37,Undirected,5
3,82,Undirected,5
82,4,Undirected,5
1,15,Undirected,5
83,8,Undirected,5
83,19,Undirected,5
56,3,Undirected,5
84,7,Undirected,5
42,18,Undirected,5
45,15,Undirected,5
7,46,Undirected,5
1,96,Undirected,5
3,84,Undirected,5
84,19,Undirected,5
61,5,Undirected,5
61,45,Undirected,5
38,15,Undirected,5
32,38,Undirected,5
31,12,Undirected,5
44,9,Undirected,5
8,85,Undirected,5
85,19,Undirected,5
61,4,Undirected,5
7,204,Undirected,5
10,47,Undirected,5
47,12,Undirected,5
3,145,Undirected,5
4,145,Undirected,5
12,145,Undirected,5
74,12,Undirected,5
75,12,Undirected,5
3,86,Undirected,5
86,4,Undirected,5
87,4,Undirected,5
1,269,Undirected,5
31,15,Undirected,5
88,7,Undirected,5
60,5,Undirected,5
2,72,Undirected,5
89,5,Undirected,5
89,7,Undirected,5
9,89,Undirected,5
78,5,Undirected,5
10,9,Undirected,5
10,268,Undirected,5
90,4,Undirected,5
5,37,Undirected,5
8,18,Undirected,5
24,7,Undirected,5
18,19,Undirected,5
91,4,Undirected,5
10,204,Undirected,5
83,4,Undirected,5
3,47,Undirected,5
9,205,Undirected,5
27,15,Undirected,5
20,14,Undirected,5
92,7,Undirected,5
4,205,Undirected,5
56,15,Undirected,5
15,66,Undirected,5
93,5,Undirected,5
62,2,Undirected,4
62,25,Undirected,4
62,6,Undirected,4
63,2,Undirected,4
63,25,Undirected,4
63,6,Undirected,4
30,35,Undirected,4
28,35,Undirected,4
30,33,Undirected,4
28,33,Undirected,4
30,36,Undirected,4
28,36,Undirected,4
41,16,Undirected,4
16,24,Undirected,4
16,65,Undirected,4
48,65,Undirected,4
22,224,Undirected,4
40,205,Undirected,4
18,27,Undirected,4
56,27,Undirected,4
32,27,Undirected,4
27,66,Undirected,4
16,268,Undirected,4
94,24,Undirected,4
23,204,Undirected,4
80,8,Undirected,4
80,19,Undirected,4
3,54,Undirected,4
60,12,Undirected,4
3,76,Undirected,4
12,54,Undirected,4
70,174,Undirected,4
67,8,Undirected,4
67,19,Undirected,4
3,81,Undirected,4
81,19,Undirected,4
1,248,Undirected,4
23,41,Undirected,4
23,34,Undirected,4
13,6,Undirected,4
67,11,Undirected,4
67,20,Undirected,4
3,95,Undirected,4
95,4,Undirected,4
3,123,Undirected,4
4,123,Undirected,4
17,6,Undirected,4
17,1,Undirected,4
6,9,Undirected,4
6,18,Undirected,4
1,18,Undirected,4
6,5,Undirected,4
6,7,Undirected,4
6,14,Undirected,4
56,12,Undirected,4
2,224,Undirected,4
6,224,Undirected,4
2,174,Undirected,4
42,15,Undirected,4
55,11,Undirected,4
44,195,Undirected,4
45,1,Undirected,4
96,22,Undirected,4
8,109,Undirected,4
71,19,Undirected,4
61,243,Undirected,4
38,3,Undirected,4
38,12,Undirected,4
17,38,Undirected,4
17,32,Undirected,4
55,31,Undirected,4
3,85,Undirected,4
86,12,Undirected,4
97,3,Undirected,4
97,4,Undirected,4
59,12,Undirected,4
98,9,Undirected,4
98,7,Undirected,4
83,10,Undirected,4
1,270,Undirected,4
99,7,Undirected,4
21,60,Undirected,4
60,76,Undirected,4
57,57,Undirected,4
3,22,Undirected,4
3,48,Undirected,4
3,100,Undirected,4
100,4,Undirected,4
77,5,Undirected,4
89,15,Undirected,4
89,14,Undirected,4
7,170,Undirected,4
101,7,Undirected,4
99,4,Undirected,4
12,51,Undirected,4
12,268,Undirected,4
8,52,Undirected,4
23,14,Undirected,4
52,7,Undirected,4
90,3,Undirected,4
5,46,Undirected,4
24,14,Undirected,4
3,102,Undirected,4
102,4,Undirected,4
8,195,Undirected,4
19,195,Undirected,4
33,14,Undirected,4
103,4,Undirected,4
16,47,Undirected,4
104,11,Undirected,4
104,20,Undirected,4
91,12,Undirected,4
3,59,Undirected,4
14,205,Undirected,4
15,195,Undirected,4
3,27,Undirected,4
9,92,Undirected,4
3,66,Undirected,4
3,205,Undirected,4
29,7,Undirected,4
29,9,Undirected,4
8,66,Undirected,4
16,66,Undirected,4
29,14,Undirected,4
3,46,Undirected,4
100,11,Undirected,3
100,20,Undirected,3
16,64,Undirected,3
23,48,Undirected,3
41,48,Undirected,3
16,48,Undirected,3
64,48,Undirected,3
53,2,Undirected,3
3,55,Undirected,3
55,49,Undirected,3
55,12,Undirected,3
55,50,Undirected,3
16,79,Undirected,3
48,79,Undirected,3
42,8,Undirected,3
17,16,Undirected,3
42,16,Undirected,3
17,48,Undirected,3
42,48,Undirected,3
48,9,Undirected,3
48,15,Undirected,3
48,14,Undirected,3
42,19,Undirected,3
40,27,Undirected,3
48,268,Undirected,3
44,55,Undirected,3
3,80,Undirected,3
2,105,Undirected,3
105,1,Undirected,3
2,80,Undirected,3
80,1,Undirected,3
2,106,Undirected,3
106,1,Undirected,3
19,215,Undirected,3
19,217,Undirected,3
8,81,Undirected,3
41,37,Undirected,3
16,37,Undirected,3
34,37,Undirected,3
82,19,Undirected,3
83,23,Undirected,3
83,16,Undirected,3
83,51,Undirected,3
56,55,Undirected,3
2,202,Undirected,3
45,18,Undirected,3
43,8,Undirected,3
43,16,Undirected,3
107,4,Undirected,3
108,4,Undirected,3
6,21,Undirected,3
6,20,Undirected,3
96,125,Undirected,3
98,16,Undirected,3
32,16,Undirected,3
3,109,Undirected,3
4,109,Undirected,3
109,19,Undirected,3
9,49,Undirected,3
9,50,Undirected,3
49,15,Undirected,3
50,15,Undirected,3
3,71,Undirected,3
71,5,Undirected,3
110,4,Undirected,3
4,127,Undirected,3
59,61,Undirected,3
59,45,Undirected,3
61,61,Undirected,3
44,3,Undirected,3
44,31,Undirected,3
44,15,Undirected,3
44,12,Undirected,3
17,44,Undirected,3
44,18,Undirected,3
32,195,Undirected,3
17,42,Undirected,3
18,31,Undirected,3
17,195,Undirected,3
55,55,Undirected,3
39,26,Undirected,3
23,85,Undirected,3
9,204,Undirected,3
29,32,Undirected,3
29,73,Undirected,3
10,73,Undirected,3
73,5,Undirected,3
47,5,Undirected,3
3,200,Undirected,3
4,200,Undirected,3
12,200,Undirected,3
1,271,Undirected,3
97,12,Undirected,3
61,12,Undirected,3
9,51,Undirected,3
5,51,Undirected,3
51,7,Undirected,3
17,88,Undirected,3
88,9,Undirected,3
88,5,Undirected,3
88,15,Undirected,3
88,14,Undirected,3
55,18,Undirected,3
29,27,Undirected,3
46,46,Undirected,3
54,57,Undirected,3
22,20,Undirected,3
8,60,Undirected,3
100,12,Undirected,3
77,15,Undirected,3
77,14,Undirected,3
14,243,Undirected,3
77,9,Undirected,3
45,243,Undirected,3
9,170,Undirected,3
111,7,Undirected,3
7,169,Undirected,3
78,9,Undirected,3
78,4,Undirected,3
101,5,Undirected,3
94,4,Undirected,3
94,19,Undirected,3
3,1,Undirected,3
34,268,Undirected,3
60,57,Undirected,3
112,11,Undirected,3
112,20,Undirected,3
113,7,Undirected,3
14,204,Undirected,3
23,10,Undirected,3
23,12,Undirected,3
90,8,Undirected,3
90,19,Undirected,3
23,5,Undirected,3
41,7,Undirected,3
37,7,Undirected,3
37,14,Undirected,3
90,5,Undirected,3
10,15,Undirected,3
32,11,Undirected,3
3,40,Undirected,3
59,15,Undirected,3
3,114,Undirected,3
114,4,Undirected,3
3,78,Undirected,3
7,65,Undirected,3
14,65,Undirected,3
32,12,Undirected,3
3,91,Undirected,3
100,1,Undirected,3
1,272,Undirected,3
48,204,Undirected,3
115,19,Undirected,3
1,4,Undirected,3
35,14,Undirected,3
36,14,Undirected,3
8,103,Undirected,3
103,19,Undirected,3
8,84,Undirected,3
4,273,Undirected,3
8,273,Undirected,3
19,273,Undirected,3
10,24,Undirected,3
116,19,Undirected,3
3,141,Undirected,3
4,141,Undirected,3
19,141,Undirected,3
102,12,Undirected,3
15,205,Undirected,3
17,27,Undirected,3
55,1,Undirected,3
55,20,Undirected,3
117,7,Undirected,3
118,5,Undirected,3
118,7,Undirected,3
118,9,Undirected,3
27,195,Undirected,3
10,34,Undirected,3
119,4,Undirected,3
92,5,Undirected,3
98,4,Undirected,3
16,204,Undirected,3
120,5,Undirected,3
93,4,Undirected,3
56,8,Undirected,3
93,7,Undirected,3
93,14,Undirected,3
56,16,Undirected,3
16,18,Undirected,3
33,7,Undirected,3
66,19,Undirected,3
5,76,Undirected,3
77,4,Undirected,3
21,4,Undirected,3
56,121,Undirected,2
32,121,Undirected,2
9,121,Undirected,2
5,121,Undirected,2
7,121,Undirected,2
121,66,Undirected,2
80,204,Undirected,2
23,80,Undirected,2
80,37,Undirected,2
1,52,Undirected,2
13,26,Undirected,2
67,12,Undirected,2
12,215,Undirected,2
12,217,Undirected,2
8,215,Undirected,2
8,217,Undirected,2
67,24,Undirected,2
24,215,Undirected,2
24,217,Undirected,2
67,65,Undirected,2
65,215,Undirected,2
65,217,Undirected,2
24,81,Undirected,2
81,65,Undirected,2
1,274,Undirected,2
23,64,Undirected,2
64,37,Undirected,2
23,51,Undirected,2
51,37,Undirected,2
37,37,Undirected,2
3,122,Undirected,2
122,4,Undirected,2
82,8,Undirected,2
8,95,Undirected,2
95,19,Undirected,2
8,123,Undirected,2
123,19,Undirected,2
67,95,Undirected,2
95,5,Undirected,2
67,123,Undirected,2
5,123,Undirected,2
6,15,Undirected,2
83,41,Undirected,2
83,24,Undirected,2
83,34,Undirected,2
83,37,Undirected,2
56,49,Undirected,2
56,50,Undirected,2
6,174,Undirected,2
6,202,Undirected,2
68,9,Undirected,2
68,18,Undirected,2
68,5,Undirected,2
68,7,Undirected,2
68,15,Undirected,2
9,69,Undirected,2
18,69,Undirected,2
69,5,Undirected,2
69,7,Undirected,2
69,15,Undirected,2
55,57,Undirected,2
55,46,Undirected,2
7,57,Undirected,2
57,14,Undirected,2
14,46,Undirected,2
43,34,Undirected,2
34,124,Undirected,2
107,34,Undirected,2
108,34,Undirected,2
107,43,Undirected,2
43,108,Undirected,2
107,124,Undirected,2
3,124,Undirected,2
8,124,Undirected,2
16,124,Undirected,2
108,124,Undirected,2
4,124,Undirected,2
12,124,Undirected,2
124,19,Undirected,2
44,66,Undirected,2
42,1,Undirected,2
13,70,Undirected,2
70,202,Undirected,2
53,174,Undirected,2
53,202,Undirected,2
53,70,Undirected,2
1,275,Undirected,2
22,275,Undirected,2
125,275,Undirected,2
98,126,Undirected,2
32,126,Undirected,2
126,4,Undirected,2
70,2,Undirected,2
113,3,Undirected,2
3,45,Undirected,2
113,4,Undirected,2
45,4,Undirected,2
113,12,Undirected,2
45,12,Undirected,2
109,65,Undirected,2
17,49,Undirected,2
17,50,Undirected,2
110,52,Undirected,2
52,27,Undirected,2
52,195,Undirected,2
110,71,Undirected,2
71,27,Undirected,2
71,195,Undirected,2
110,84,Undirected,2
84,27,Undirected,2
84,195,Undirected,2
8,71,Undirected,2
8,127,Undirected,2
127,19,Undirected,2
59,243,Undirected,2
44,42,Undirected,2
38,42,Undirected,2
38,31,Undirected,2
38,195,Undirected,2
32,44,Undirected,2
38,18,Undirected,2
32,42,Undirected,2
32,31,Undirected,2
18,195,Undirected,2
32,18,Undirected,2
55,128,Undirected,2
128,31,Undirected,2
49,195,Undirected,2
50,195,Undirected,2
59,204,Undirected,2
61,204,Undirected,2
29,268,Undirected,2
29,47,Undirected,2
73,12,Undirected,2
3,129,Undirected,2
129,49,Undirected,2
129,4,Undirected,2
129,5,Undirected,2
129,12,Undirected,2
129,50,Undirected,2
49,200,Undirected,2
5,200,Undirected,2
50,200,Undirected,2
49,204,Undirected,2
50,204,Undirected,2
6,271,Undirected,2
10,130,Undirected,2
130,4,Undirected,2
130,19,Undirected,2
74,10,Undirected,2
97,10,Undirected,2
75,10,Undirected,2
10,86,Undirected,2
98,59,Undirected,2
32,59,Undirected,2
98,61,Undirected,2
32,61,Undirected,2
83,131,Undirected,2
8,131,Undirected,2
131,4,Undirected,2
131,19,Undirected,2
2,270,Undirected,2
99,38,Undirected,2
38,51,Undirected,2
99,87,Undirected,2
87,51,Undirected,2
99,9,Undirected,2
99,5,Undirected,2
2,269,Undirected,2
6,269,Undirected,2
3,132,Undirected,2
3,276,Undirected,2
8,132,Undirected,2
8,276,Undirected,2
16,132,Undirected,2
16,276,Undirected,2
48,132,Undirected,2
48,276,Undirected,2
4,132,Undirected,2
4,276,Undirected,2
132,19,Undirected,2
19,276,Undirected,2
11,123,Undirected,2
123,20,Undirected,2
54,46,Undirected,2
48,11,Undirected,2
48,60,Undirected,2
60,19,Undirected,2
48,20,Undirected,2
48,22,Undirected,2
22,19,Undirected,2
133,22,Undirected,2
22,11,Undirected,2
22,60,Undirected,2
22,167,Undirected,2
22,76,Undirected,2
60,31,Undirected,2
13,21,Undirected,2
13,20,Undirected,2
17,45,Undirected,2
17,170,Undirected,2
5,170,Undirected,2
15,170,Undirected,2
14,170,Undirected,2
111,5,Undirected,2
5,169,Undirected,2
111,15,Undirected,2
15,169,Undirected,2
111,14,Undirected,2
14,169,Undirected,2
15,243,Undirected,2
77,38,Undirected,2
38,89,Undirected,2
38,111,Undirected,2
9,111,Undirected,2
38,169,Undirected,2
9,169,Undirected,2
9,101,Undirected,2
101,15,Undirected,2
101,14,Undirected,2
101,4,Undirected,2
3,94,Undirected,2
94,8,Undirected,2
22,248,Undirected,2
8,1,Undirected,2
1,19,Undirected,2
99,3,Undirected,2
99,12,Undirected,2
5,268,Undirected,2
12,109,Undirected,2
134,4,Undirected,2
8,135,Undirected,2
135,4,Undirected,2
135,19,Undirected,2
60,46,Undirected,2
112,57,Undirected,2
17,56,Undirected,2
113,9,Undirected,2
113,5,Undirected,2
17,66,Undirected,2
17,204,Undirected,2
15,204,Undirected,2
32,10,Undirected,2
82,12,Undirected,2
10,51,Undirected,2
52,51,Undirected,2
10,37,Undirected,2
23,15,Undirected,2
41,14,Undirected,2
9,37,Undirected,2
37,15,Undirected,2
90,7,Undirected,2
52,14,Undirected,2
55,9,Undirected,2
31,92,Undirected,2
9,11,Undirected,2
32,20,Undirected,2
9,20,Undirected,2
40,12,Undirected,2
114,12,Undirected,2
136,5,Undirected,2
8,137,Undirected,2
137,19,Undirected,2
45,45,Undirected,2
45,138,Undirected,2
9,138,Undirected,2
5,138,Undirected,2
7,138,Undirected,2
138,15,Undirected,2
138,14,Undirected,2
9,24,Undirected,2
24,18,Undirected,2
24,15,Undirected,2
9,65,Undirected,2
15,65,Undirected,2
139,1,Undirected,2
1,277,Undirected,2
2,4,Undirected,2
35,204,Undirected,2
10,52,Undirected,2
10,33,Undirected,2
33,204,Undirected,2
36,204,Undirected,2
3,140,Undirected,2
16,140,Undirected,2
140,4,Undirected,2
140,12,Undirected,2
3,273,Undirected,2
3,116,Undirected,2
116,4,Undirected,2
8,141,Undirected,2
141,65,Undirected,2
142,11,Undirected,2
142,20,Undirected,2
143,11,Undirected,2
143,20,Undirected,2
9,278,Undirected,2
5,278,Undirected,2
7,278,Undirected,2
113,14,Undirected,2
17,17,Undirected,2
8,33,Undirected,2
47,279,Undirected,2
10,91,Undirected,2
140,91,Undirected,2
47,91,Undirected,2
91,279,Undirected,2
4,279,Undirected,2
12,279,Undirected,2
65,195,Undirected,2
59,27,Undirected,2
13,174,Undirected,2
17,205,Undirected,2
59,14,Undirected,2
55,58,Undirected,2
58,7,Undirected,2
58,14,Undirected,2
42,27,Undirected,2
3,31,Undirected,2
31,27,Undirected,2
118,4,Undirected,2
118,14,Undirected,2
1,197,Undirected,2
47,34,Undirected,2
102,5,Undirected,2
144,5,Undirected,2
3,144,Undirected,2
119,5,Undirected,2
19,145,Undirected,2
145,204,Undirected,2
5,145,Undirected,2
3,119,Undirected,2
119,19,Undirected,2
119,204,Undirected,2
141,204,Undirected,2
38,92,Undirected,2
92,4,Undirected,2
92,14,Undirected,2
146,3,Undirected,2
43,49,Undirected,2
74,49,Undirected,2
75,49,Undirected,2
32,8,Undirected,2
32,19,Undirected,2
115,4,Undirected,2
3,147,Undirected,2
147,12,Undirected,2
12,66,Undirected,2
34,204,Undirected,2
12,27,Undirected,2
12,205,Undirected,2
16,81,Undirected,2
70,3,Undirected,2
70,4,Undirected,2
70,19,Undirected,2
120,7,Undirected,2
120,14,Undirected,2
98,38,Undirected,2
3,87,Undirected,2
3,93,Undirected,2
4,214,Undirected,2
10,18,Undirected,2
33,5,Undirected,2
56,19,Undirected,2
5,214,Undirected,2
10,65,Undirected,2
85,65,Undirected,2
12,85,Undirected,2
148,7,Undirected,2
146,280,Undirected,2
149,280,Undirected,2
150,280,Undirected,2
146,150,Undirected,2
24,66,Undirected,2
35,7,Undirected,2
36,7,Undirected,2
29,29,Undirected,2
29,18,Undirected,2
29,15,Undirected,2
29,205,Undirected,2
111,4,Undirected,2
83,3,Undirected,2
151,4,Undirected,2
8,111,Undirected,2
111,19,Undirected,2
83,47,Undirected,2
83,111,Undirected,2
8,205,Undirected,2
152,153,Undirected,2
152,154,Undirected,2
152,234,Undirected,2
153,154,Undirected,2
153,234,Undirected,2
154,234,Undirected,2
155,19,Undirected,2
8,156,Undirected,2
8,157,Undirected,2
156,19,Undirected,2
157,19,Undirected,2
115,24,Undirected,2
158,4,Undirected,2
17,11,Undirected,2
17,20,Undirected,2
11,15,Undirected,2
20,15,Undirected,2
133,5,Undirected,2
5,167,Undirected,2
104,5,Undirected,2
11,215,Undirected,2
11,217,Undirected,2
20,215,Undirected,2
20,217,Undirected,2
29,77,Undirected,2
159,4,Undirected,2
159,7,Undirected,2
78,15,Undirected,2
78,14,Undirected,2
89,4,Undirected,2
30,23,Undirected,2
30,16,Undirected,2
160,5,Undirected,2
161,5,Undirected,2
162,5,Undirected,2
21,12,Undirected,2
32,76,Undirected,2
90,12,Undirected,2
52,12,Undirected,2
3,103,Undirected,2
11,31,Undirected,2
31,20,Undirected,2
12,46,Undirected,2
11,195,Undirected,2
3,21,Undirected,2
3,57,Undirected,2
4,57,Undirected,2
8,279,Undirected,2
16,279,Undirected,2
8,256,Undirected,2
8,257,Undirected,2
8,258,Undirected,2
8,259,Undirected,2
8,260,Undirected,2
16,256,Undirected,2
16,257,Undirected,2
16,258,Undirected,2
16,259,Undirected,2
16,260,Undirected,2
100,5,Undirected,2
23,40,Undirected,2
23,18,Undirected,2
163,7,Undirected,2
40,16,Undirected,2
34,7,Undirected,2
23,56,Undirected,2
23,66,Undirected,2
23,205,Undirected,2
16,205,Undirected,2
164,7,Undirected,2
7,261,Undirected,2
3,165,Undirected,1
115,165,Undirected,1
94,165,Undirected,1
8,165,Undirected,1
165,48,Undirected,1
165,4,Undirected,1
165,19,Undirected,1
13,58,Undirected,1
2,58,Undirected,1
13,196,Undirected,1
2,196,Undirected,1
13,281,Undirected,1
2,281,Undirected,1
1,281,Undirected,1
13,282,Undirected,1
2,282,Undirected,1
1,282,Undirected,1
11,95,Undirected,1
60,95,Undirected,1
95,123,Undirected,1
95,20,Undirected,1
95,76,Undirected,1
60,123,Undirected,1
123,123,Undirected,1
123,76,Undirected,1
3,166,Undirected,1
133,166,Undirected,1
166,11,Undirected,1
166,60,Undirected,1
166,20,Undirected,1
166,167,Undirected,1
166,76,Undirected,1
133,48,Undirected,1
133,34,Undirected,1
133,19,Undirected,1
11,34,Undirected,1
60,34,Undirected,1
34,20,Undirected,1
48,167,Undirected,1
34,167,Undirected,1
167,19,Undirected,1
48,76,Undirected,1
34,76,Undirected,1
76,19,Undirected,1
166,48,Undirected,1
166,22,Undirected,1
166,34,Undirected,1
166,19,Undirected,1
22,34,Undirected,1
60,60,Undirected,1
60,168,Undirected,1
3,168,Undirected,1
8,168,Undirected,1
31,168,Undirected,1
4,168,Undirected,1
168,5,Undirected,1
11,27,Undirected,1
27,20,Undirected,1
100,27,Undirected,1
77,17,Undirected,1
17,89,Undirected,1
17,111,Undirected,1
17,169,Undirected,1
17,243,Undirected,1
77,45,Undirected,1
77,170,Undirected,1
45,89,Undirected,1
89,170,Undirected,1
45,111,Undirected,1
111,170,Undirected,1
45,169,Undirected,1
169,170,Undirected,1
77,243,Undirected,1
89,243,Undirected,1
111,243,Undirected,1
169,243,Undirected,1
38,38,Undirected,1
38,243,Undirected,1
38,45,Undirected,1
38,170,Undirected,1
170,243,Undirected,1
8,171,Undirected,1
171,4,Undirected,1
171,19,Undirected,1
78,101,Undirected,1
115,94,Undirected,1
94,94,Undirected,1
94,48,Undirected,1
8,22,Undirected,1
22,5,Undirected,1
6,96,Undirected,1
6,283,Undirected,1
1,283,Undirected,1
6,270,Undirected,1
73,9,Undirected,1
9,47,Undirected,1
3,101,Undirected,1
10,101,Undirected,1
73,101,Undirected,1
101,47,Undirected,1
101,12,Undirected,1
73,7,Undirected,1
47,7,Undirected,1
172,204,Undirected,1
16,109,Undirected,1
10,109,Undirected,1
34,109,Undirected,1
5,109,Undirected,1
29,99,Undirected,1
29,51,Undirected,1
173,32,Undirected,1
173,4,Undirected,1
173,12,Undirected,1
32,170,Undirected,1
4,170,Undirected,1
12,170,Undirected,1
173,134,Undirected,1
38,134,Undirected,1
134,9,Undirected,1
134,7,Undirected,1
134,15,Undirected,1
134,170,Undirected,1
32,134,Undirected,1
134,12,Undirected,1
115,135,Undirected,1
48,135,Undirected,1
29,23,Undirected,1
29,8,Undirected,1
29,37,Undirected,1
29,19,Undirected,1
112,46,Undirected,1
112,21,Undirected,1
112,76,Undirected,1
113,56,Undirected,1
113,32,Undirected,1
113,66,Undirected,1
23,90,Undirected,1
23,52,Undirected,1
90,41,Undirected,1
41,10,Undirected,1
41,52,Undirected,1
41,12,Undirected,1
90,82,Undirected,1
82,10,Undirected,1
82,52,Undirected,1
90,16,Undirected,1
16,52,Undirected,1
90,51,Undirected,1
90,37,Undirected,1
52,37,Undirected,1
23,9,Undirected,1
41,9,Undirected,1
41,5,Undirected,1
41,15,Undirected,1
82,9,Undirected,1
82,5,Undirected,1
82,7,Undirected,1
82,15,Undirected,1
82,14,Undirected,1
51,15,Undirected,1
51,14,Undirected,1
90,9,Undirected,1
90,15,Undirected,1
90,14,Undirected,1
9,52,Undirected,1
52,15,Undirected,1
55,92,Undirected,1
56,11,Undirected,1
11,66,Undirected,1
56,20,Undirected,1
20,66,Undirected,1
56,46,Undirected,1
32,46,Undirected,1
9,46,Undirected,1
66,46,Undirected,1
13,11,Undirected,1
13,76,Undirected,1
174,11,Undirected,1
174,21,Undirected,1
174,20,Undirected,1
174,76,Undirected,1
13,9,Undirected,1
9,174,Undirected,1
9,21,Undirected,1
9,76,Undirected,1
40,49,Undirected,1
49,18,Undirected,1
40,50,Undirected,1
18,50,Undirected,1
175,157,Undirected,1
175,19,Undirected,1
176,157,Undirected,1
176,19,Undirected,1
157,121,Undirected,1
121,19,Undirected,1
173,59,Undirected,1
59,59,Undirected,1
59,177,Undirected,1
59,170,Undirected,1
173,61,Undirected,1
61,177,Undirected,1
61,15,Undirected,1
61,170,Undirected,1
173,9,Undirected,1
177,9,Undirected,1
173,7,Undirected,1
177,7,Undirected,1
3,127,Undirected,1
3,284,Undirected,1
10,114,Undirected,1
10,71,Undirected,1
10,84,Undirected,1
10,127,Undirected,1
10,284,Undirected,1
4,284,Undirected,1
71,12,Undirected,1
84,12,Undirected,1
12,127,Undirected,1
12,284,Undirected,1
114,5,Undirected,1
5,127,Undirected,1
5,284,Undirected,1
114,7,Undirected,1
71,7,Undirected,1
7,127,Undirected,1
7,284,Undirected,1
178,78,Undirected,1
78,179,Undirected,1
78,180,Undirected,1
178,9,Undirected,1
179,9,Undirected,1
9,180,Undirected,1
178,5,Undirected,1
179,5,Undirected,1
180,5,Undirected,1
178,7,Undirected,1
179,7,Undirected,1
180,7,Undirected,1
178,15,Undirected,1
179,15,Undirected,1
180,15,Undirected,1
178,14,Undirected,1
179,14,Undirected,1
180,14,Undirected,1
8,181,Undirected,1
8,182,Undirected,1
181,19,Undirected,1
182,19,Undirected,1
183,78,Undirected,1
77,78,Undirected,1
78,10,Undirected,1
78,184,Undirected,1
78,89,Undirected,1
78,285,Undirected,1
183,9,Undirected,1
184,9,Undirected,1
9,285,Undirected,1
183,5,Undirected,1
184,5,Undirected,1
5,285,Undirected,1
183,7,Undirected,1
184,7,Undirected,1
7,285,Undirected,1
183,15,Undirected,1
184,15,Undirected,1
15,285,Undirected,1
183,14,Undirected,1
184,14,Undirected,1
14,285,Undirected,1
17,138,Undirected,1
45,170,Undirected,1
138,170,Undirected,1
10,185,Undirected,1
185,4,Undirected,1
185,19,Undirected,1
186,71,Undirected,1
17,24,Undirected,1
17,65,Undirected,1
18,65,Undirected,1
18,204,Undirected,1
102,204,Undirected,1
91,204,Undirected,1
187,188,Undirected,1
147,188,Undirected,1
188,235,Undirected,1
40,18,Undirected,1
18,18,Undirected,1
115,204,Undirected,1
115,48,Undirected,1
48,48,Undirected,1
26,21,Undirected,1
26,20,Undirected,1
39,22,Undirected,1
189,8,Undirected,1
190,8,Undirected,1
189,10,Undirected,1
190,10,Undirected,1
189,47,Undirected,1
190,47,Undirected,1
28,47,Undirected,1
189,4,Undirected,1
190,4,Undirected,1
189,19,Undirected,1
190,19,Undirected,1
8,27,Undirected,1
27,19,Undirected,1
3,2,Undirected,1
35,10,Undirected,1
35,52,Undirected,1
35,19,Undirected,1
52,33,Undirected,1
33,19,Undirected,1
10,36,Undirected,1
52,36,Undirected,1
36,19,Undirected,1
83,103,Undirected,1
83,84,Undirected,1
107,10,Undirected,1
10,108,Undirected,1
107,140,Undirected,1
8,140,Undirected,1
108,140,Undirected,1
140,19,Undirected,1
107,47,Undirected,1
108,47,Undirected,1
107,273,Undirected,1
16,273,Undirected,1
108,273,Undirected,1
12,273,Undirected,1
3,191,Undirected,1
3,286,Undirected,1
116,10,Undirected,1
10,191,Undirected,1
10,286,Undirected,1
191,4,Undirected,1
4,286,Undirected,1
191,19,Undirected,1
19,286,Undirected,1
24,141,Undirected,1
72,21,Undirected,1
72,20,Undirected,1
11,192,Undirected,1
192,20,Undirected,1
9,193,Undirected,1
113,92,Undirected,1
193,92,Undirected,1
92,278,Undirected,1
193,5,Undirected,1
193,7,Undirected,1
193,14,Undirected,1
14,278,Undirected,1
35,8,Undirected,1
35,24,Undirected,1
24,33,Undirected,1
8,36,Undirected,1
24,36,Undirected,1
10,102,Undirected,1
140,102,Undirected,1
47,102,Undirected,1
102,91,Undirected,1
91,91,Undirected,1
102,279,Undirected,1
10,279,Undirected,1
140,279,Undirected,1
3,279,Undirected,1
27,204,Undirected,1
3,134,Undirected,1
134,8,Undirected,1
134,19,Undirected,1
134,65,Undirected,1
3,61,Undirected,1
61,27,Undirected,1
1,287,Undirected,1
17,59,Undirected,1
59,205,Undirected,1
37,85,Undirected,1
55,21,Undirected,1
21,7,Undirected,1
21,14,Undirected,1
44,117,Undirected,1
70,22,Undirected,1
55,194,Undirected,1
7,194,Undirected,1
194,14,Undirected,1
118,3,Undirected,1
118,42,Undirected,1
42,195,Undirected,1
118,31,Undirected,1
31,195,Undirected,1
118,15,Undirected,1
118,195,Undirected,1
195,195,Undirected,1
23,135,Undirected,1
3,135,Undirected,1
55,196,Undirected,1
55,197,Undirected,1
196,7,Undirected,1
7,197,Undirected,1
196,14,Undirected,1
197,14,Undirected,1
198,199,Undirected,1
199,19,Undirected,1
8,200,Undirected,1
10,200,Undirected,1
34,200,Undirected,1
200,19,Undirected,1
201,202,Undirected,1
202,202,Undirected,1
201,1,Undirected,1
174,174,Undirected,1
102,7,Undirected,1
102,15,Undirected,1
102,14,Undirected,1
102,288,Undirected,1
144,7,Undirected,1
144,15,Undirected,1
144,14,Undirected,1
144,288,Undirected,1
23,102,Undirected,1
8,102,Undirected,1
16,102,Undirected,1
102,19,Undirected,1
23,144,Undirected,1
8,144,Undirected,1
16,144,Undirected,1
144,19,Undirected,1
23,288,Undirected,1
3,288,Undirected,1
8,288,Undirected,1
16,288,Undirected,1
19,288,Undirected,1
119,12,Undirected,1
12,141,Undirected,1
5,141,Undirected,1
8,119,Undirected,1
203,119,Undirected,1
119,65,Undirected,1
119,145,Undirected,1
203,141,Undirected,1
141,145,Undirected,1
3,203,Undirected,1
203,4,Undirected,1
203,12,Undirected,1
203,19,Undirected,1
203,204,Undirected,1
204,204,Undirected,1
203,5,Undirected,1
99,19,Undirected,1
99,204,Undirected,1
51,204,Undirected,1
44,92,Undirected,1
3,92,Undirected,1
42,92,Undirected,1
92,15,Undirected,1
92,195,Undirected,1
32,92,Undirected,1
92,12,Undirected,1
17,92,Undirected,1
18,92,Undirected,1
1,289,Undirected,1
146,49,Undirected,1
146,4,Undirected,1
146,12,Undirected,1
49,86,Undirected,1
98,3,Undirected,1
98,8,Undirected,1
98,24,Undirected,1
32,24,Undirected,1
98,37,Undirected,1
32,37,Undirected,1
98,19,Undirected,1
98,65,Undirected,1
32,65,Undirected,1
98,12,Undirected,1
98,204,Undirected,1
32,204,Undirected,1
3,115,Undirected,1
115,12,Undirected,1
94,12,Undirected,1
115,268,Undirected,1
94,268,Undirected,1
147,4,Undirected,1
10,11,Undirected,1
10,20,Undirected,1
92,243,Undirected,1
16,130,Undirected,1
118,56,Undirected,1
56,195,Undirected,1
118,32,Undirected,1
118,66,Undirected,1
66,195,Undirected,1
44,49,Undirected,1
44,50,Undirected,1
34,34,Undirected,1
10,48,Undirected,1
22,283,Undirected,1
22,132,Undirected,1
49,102,Undirected,1
102,50,Undirected,1
49,144,Undirected,1
144,4,Undirected,1
144,12,Undirected,1
144,50,Undirected,1
205,195,Undirected,1
49,27,Undirected,1
49,205,Undirected,1
50,27,Undirected,1
50,205,Undirected,1
10,81,Undirected,1
47,81,Undirected,1
3,206,Undirected,1
8,206,Undirected,1
16,206,Undirected,1
206,81,Undirected,1
206,4,Undirected,1
206,34,Undirected,1
206,19,Undirected,1
81,81,Undirected,1
81,34,Undirected,1
80,12,Undirected,1
82,268,Undirected,1
80,268,Undirected,1
70,12,Undirected,1
70,268,Undirected,1
70,82,Undirected,1
70,80,Undirected,1
56,117,Undirected,1
32,117,Undirected,1
9,117,Undirected,1
117,5,Undirected,1
117,66,Undirected,1
207,210,Undirected,1
208,210,Undirected,1
209,210,Undirected,1
210,231,Undirected,1
210,290,Undirected,1
210,291,Undirected,1
210,127,Undirected,1
207,211,Undirected,1
207,212,Undirected,1
208,211,Undirected,1
208,212,Undirected,1
209,211,Undirected,1
209,212,Undirected,1
211,231,Undirected,1
212,231,Undirected,1
211,290,Undirected,1
212,290,Undirected,1
211,291,Undirected,1
212,291,Undirected,1
211,127,Undirected,1
212,127,Undirected,1
211,210,Undirected,1
212,210,Undirected,1
22,21,Undirected,1
120,78,Undirected,1
78,213,Undirected,1
120,9,Undirected,1
213,9,Undirected,1
213,5,Undirected,1
213,7,Undirected,1
120,15,Undirected,1
213,15,Undirected,1
213,14,Undirected,1
29,98,Undirected,1
98,87,Undirected,1
98,5,Undirected,1
32,87,Undirected,1
38,10,Undirected,1
87,10,Undirected,1
87,12,Undirected,1
29,38,Undirected,1
29,87,Undirected,1
3,120,Undirected,1
120,8,Undirected,1
120,16,Undirected,1
120,33,Undirected,1
120,4,Undirected,1
120,19,Undirected,1
8,93,Undirected,1
16,93,Undirected,1
93,33,Undirected,1
93,19,Undirected,1
3,214,Undirected,1
8,214,Undirected,1
16,214,Undirected,1
33,214,Undirected,1
214,19,Undirected,1
56,120,Undirected,1
120,18,Undirected,1
120,66,Undirected,1
56,93,Undirected,1
93,18,Undirected,1
93,66,Undirected,1
56,10,Undirected,1
10,66,Undirected,1
56,214,Undirected,1
18,214,Undirected,1
7,214,Undirected,1
214,66,Undirected,1
214,14,Undirected,1
56,33,Undirected,1
18,33,Undirected,1
33,66,Undirected,1
25,96,Undirected,1
17,55,Undirected,1
113,55,Undirected,1
10,145,Undirected,1
16,85,Undirected,1
40,101,Undirected,1
101,18,Undirected,1
148,9,Undirected,1
148,101,Undirected,1
45,101,Undirected,1
148,5,Undirected,1
148,40,Undirected,1
40,45,Undirected,1
148,18,Undirected,1
146,146,Undirected,1
146,292,Undirected,1
146,293,Undirected,1
146,294,Undirected,1
146,149,Undirected,1
149,150,Undirected,1
149,292,Undirected,1
149,293,Undirected,1
149,294,Undirected,1
150,150,Undirected,1
150,292,Undirected,1
150,293,Undirected,1
150,294,Undirected,1
16,195,Undirected,1
24,195,Undirected,1
37,66,Undirected,1
37,195,Undirected,1
66,65,Undirected,1
70,204,Undirected,1
70,215,Undirected,1
70,216,Undirected,1
70,217,Undirected,1
3,216,Undirected,1
4,216,Undirected,1
19,216,Undirected,1
215,204,Undirected,1
216,204,Undirected,1
217,204,Undirected,1
35,9,Undirected,1
35,5,Undirected,1
35,15,Undirected,1
9,33,Undirected,1
33,15,Undirected,1
9,36,Undirected,1
36,5,Undirected,1
36,15,Undirected,1
35,55,Undirected,1
35,31,Undirected,1
8,55,Undirected,1
8,31,Undirected,1
10,55,Undirected,1
10,31,Undirected,1
55,33,Undirected,1
31,33,Undirected,1
55,36,Undirected,1
31,36,Undirected,1
55,19,Undirected,1
31,19,Undirected,1
55,15,Undirected,1
23,43,Undirected,1
23,74,Undirected,1
23,97,Undirected,1
23,75,Undirected,1
23,86,Undirected,1
74,8,Undirected,1
97,8,Undirected,1
75,8,Undirected,1
8,86,Undirected,1
74,16,Undirected,1
97,16,Undirected,1
75,16,Undirected,1
16,86,Undirected,1
43,51,Undirected,1
74,51,Undirected,1
97,51,Undirected,1
75,51,Undirected,1
86,51,Undirected,1
43,37,Undirected,1
74,37,Undirected,1
97,37,Undirected,1
75,37,Undirected,1
86,37,Undirected,1
74,19,Undirected,1
97,19,Undirected,1
75,19,Undirected,1
86,19,Undirected,1
23,114,Undirected,1
8,114,Undirected,1
16,114,Undirected,1
114,51,Undirected,1
114,37,Undirected,1
114,19,Undirected,1
43,114,Undirected,1
74,114,Undirected,1
97,114,Undirected,1
75,114,Undirected,1
114,86,Undirected,1
29,17,Undirected,1
39,72,Undirected,1
2,5,Undirected,1
2,7,Undirected,1
39,4,Undirected,1
39,5,Undirected,1
39,7,Undirected,1
13,218,Undirected,1
218,2,Undirected,1
218,1,Undirected,1
13,295,Undirected,1
2,295,Undirected,1
1,295,Undirected,1
38,1,Undirected,1
78,1,Undirected,1
1,177,Undirected,1
1,50,Undirected,1
73,19,Undirected,1
88,4,Undirected,1
88,12,Undirected,1
42,88,Undirected,1
42,31,Undirected,1
219,3,Undirected,1
219,220,Undirected,1
3,220,Undirected,1
220,4,Undirected,1
220,12,Undirected,1
220,268,Undirected,1
219,8,Undirected,1
219,16,Undirected,1
219,10,Undirected,1
219,4,Undirected,1
219,34,Undirected,1
219,19,Undirected,1
221,222,Undirected,1
222,296,Undirected,1
55,66,Undirected,1
55,223,Undirected,1
223,7,Undirected,1
223,14,Undirected,1
224,224,Undirected,1
225,22,Undirected,1
226,22,Undirected,1
139,22,Undirected,1
227,22,Undirected,1
22,297,Undirected,1
228,14,Undirected,1
151,3,Undirected,1
151,8,Undirected,1
151,19,Undirected,1
3,111,Undirected,1
151,83,Undirected,1
83,83,Undirected,1
151,10,Undirected,1
151,47,Undirected,1
151,111,Undirected,1
23,47,Undirected,1
23,111,Undirected,1
16,111,Undirected,1
47,51,Undirected,1
111,51,Undirected,1
93,9,Undirected,1
93,15,Undirected,1
93,205,Undirected,1
152,230,Undirected,1
152,233,Undirected,1
146,152,Undirected,1
152,229,Undirected,1
152,231,Undirected,1
152,150,Undirected,1
152,232,Undirected,1
152,121,Undirected,1
146,153,Undirected,1
153,153,Undirected,1
153,229,Undirected,1
153,231,Undirected,1
153,150,Undirected,1
153,232,Undirected,1
153,121,Undirected,1
146,230,Undirected,1
153,230,Undirected,1
229,230,Undirected,1
230,231,Undirected,1
230,150,Undirected,1
230,232,Undirected,1
230,154,Undirected,1
230,234,Undirected,1
230,121,Undirected,1
146,233,Undirected,1
153,233,Undirected,1
229,233,Undirected,1
231,233,Undirected,1
150,233,Undirected,1
232,233,Undirected,1
233,154,Undirected,1
233,234,Undirected,1
233,121,Undirected,1
146,154,Undirected,1
229,154,Undirected,1
231,154,Undirected,1
150,154,Undirected,1
232,154,Undirected,1
154,154,Undirected,1
154,121,Undirected,1
146,234,Undirected,1
229,234,Undirected,1
231,234,Undirected,1
150,234,Undirected,1
232,234,Undirected,1
234,234,Undirected,1
234,121,Undirected,1
53,115,Undirected,1
53,8,Undirected,1
53,48,Undirected,1
53,4,Undirected,1
53,19,Undirected,1
155,24,Undirected,1
155,156,Undirected,1
155,157,Undirected,1
155,273,Undirected,1
116,24,Undirected,1
116,156,Undirected,1
116,157,Undirected,1
116,273,Undirected,1
24,24,Undirected,1
24,156,Undirected,1
24,157,Undirected,1
24,273,Undirected,1
24,37,Undirected,1
156,37,Undirected,1
157,37,Undirected,1
37,273,Undirected,1
24,65,Undirected,1
156,65,Undirected,1
157,65,Undirected,1
65,273,Undirected,1
3,155,Undirected,1
115,155,Undirected,1
94,155,Undirected,1
155,8,Undirected,1
155,48,Undirected,1
155,4,Undirected,1
115,116,Undirected,1
94,116,Undirected,1
116,8,Undirected,1
116,48,Undirected,1
115,8,Undirected,1
115,37,Undirected,1
94,37,Undirected,1
48,37,Undirected,1
115,65,Undirected,1
94,65,Undirected,1
3,156,Undirected,1
115,156,Undirected,1
94,156,Undirected,1
48,156,Undirected,1
156,4,Undirected,1
3,157,Undirected,1
115,157,Undirected,1
94,157,Undirected,1
48,157,Undirected,1
157,4,Undirected,1
115,273,Undirected,1
94,273,Undirected,1
48,273,Undirected,1
147,109,Undirected,1
3,235,Undirected,1
12,235,Undirected,1
235,109,Undirected,1
43,137,Undirected,1
43,84,Undirected,1
43,195,Undirected,1
74,137,Undirected,1
74,84,Undirected,1
74,195,Undirected,1
75,137,Undirected,1
75,84,Undirected,1
75,195,Undirected,1
3,236,Undirected,1
137,236,Undirected,1
49,236,Undirected,1
236,4,Undirected,1
236,84,Undirected,1
236,12,Undirected,1
236,195,Undirected,1
146,237,Undirected,1
153,237,Undirected,1
153,280,Undirected,1
237,149,Undirected,1
237,150,Undirected,1
3,158,Undirected,1
115,158,Undirected,1
94,158,Undirected,1
8,158,Undirected,1
48,158,Undirected,1
158,19,Undirected,1
17,133,Undirected,1
17,60,Undirected,1
17,167,Undirected,1
17,76,Undirected,1
133,7,Undirected,1
60,7,Undirected,1
7,167,Undirected,1
7,76,Undirected,1
133,15,Undirected,1
60,15,Undirected,1
15,167,Undirected,1
15,76,Undirected,1
133,14,Undirected,1
60,14,Undirected,1
167,14,Undirected,1
14,76,Undirected,1
17,104,Undirected,1
104,7,Undirected,1
104,15,Undirected,1
104,14,Undirected,1
17,67,Undirected,1
17,215,Undirected,1
17,217,Undirected,1
67,5,Undirected,1
5,215,Undirected,1
5,217,Undirected,1
67,7,Undirected,1
7,215,Undirected,1
7,217,Undirected,1
67,15,Undirected,1
15,215,Undirected,1
15,217,Undirected,1
67,14,Undirected,1
14,215,Undirected,1
14,217,Undirected,1
133,11,Undirected,1
11,167,Undirected,1
133,20,Undirected,1
20,167,Undirected,1
3,104,Undirected,1
133,104,Undirected,1
104,60,Undirected,1
104,167,Undirected,1
104,76,Undirected,1
67,133,Undirected,1
133,4,Undirected,1
133,215,Undirected,1
133,217,Undirected,1
67,60,Undirected,1
60,215,Undirected,1
60,217,Undirected,1
67,167,Undirected,1
4,167,Undirected,1
167,215,Undirected,1
167,217,Undirected,1
67,76,Undirected,1
76,215,Undirected,1
76,217,Undirected,1
67,104,Undirected,1
104,4,Undirected,1
104,215,Undirected,1
104,217,Undirected,1
29,52,Undirected,1
29,159,Undirected,1
29,40,Undirected,1
77,40,Undirected,1
77,18,Undirected,1
40,10,Undirected,1
40,52,Undirected,1
18,52,Undirected,1
40,159,Undirected,1
18,159,Undirected,1
159,5,Undirected,1
78,12,Undirected,1
78,27,Undirected,1
42,78,Undirected,1
78,31,Undirected,1
78,195,Undirected,1
17,78,Undirected,1
29,238,Undirected,1
238,4,Undirected,1
29,184,Undirected,1
184,4,Undirected,1
29,212,Undirected,1
212,4,Undirected,1
29,89,Undirected,1
29,111,Undirected,1
29,298,Undirected,1
4,298,Undirected,1
29,214,Undirected,1
29,273,Undirected,1
239,59,Undirected,1
239,61,Undirected,1
239,9,Undirected,1
239,7,Undirected,1
28,23,Undirected,1
30,41,Undirected,1
28,41,Undirected,1
30,82,Undirected,1
28,82,Undirected,1
28,16,Undirected,1
30,51,Undirected,1
28,51,Undirected,1
30,37,Undirected,1
28,37,Undirected,1
240,16,Undirected,1
240,81,Undirected,1
56,89,Undirected,1
32,89,Undirected,1
89,66,Undirected,1
56,205,Undirected,1
32,205,Undirected,1
66,205,Undirected,1
89,27,Undirected,1
89,205,Undirected,1
99,55,Undirected,1
55,51,Undirected,1
99,128,Undirected,1
128,4,Undirected,1
128,51,Undirected,1
56,278,Undirected,1
32,278,Undirected,1
66,278,Undirected,1
241,103,Undirected,1
241,119,Undirected,1
241,4,Undirected,1
241,27,Undirected,1
241,195,Undirected,1
242,103,Undirected,1
242,119,Undirected,1
242,4,Undirected,1
242,27,Undirected,1
242,195,Undirected,1
103,119,Undirected,1
119,119,Undirected,1
119,27,Undirected,1
119,195,Undirected,1
103,294,Undirected,1
119,294,Undirected,1
4,294,Undirected,1
27,294,Undirected,1
195,294,Undirected,1
56,78,Undirected,1
32,78,Undirected,1
78,66,Undirected,1
59,8,Undirected,1
59,16,Undirected,1
59,24,Undirected,1
59,37,Undirected,1
59,19,Undirected,1
59,65,Undirected,1
160,3,Undirected,1
160,8,Undirected,1
160,16,Undirected,1
160,33,Undirected,1
160,4,Undirected,1
160,19,Undirected,1
161,3,Undirected,1
161,8,Undirected,1
161,16,Undirected,1
161,33,Undirected,1
161,4,Undirected,1
161,19,Undirected,1
162,3,Undirected,1
162,8,Undirected,1
162,16,Undirected,1
162,33,Undirected,1
162,4,Undirected,1
162,19,Undirected,1
22,4,Undirected,1
22,12,Undirected,1
243,243,Undirected,1
146,244,Undirected,1
146,32,Undirected,1
146,74,Undirected,1
146,245,Undirected,1
244,32,Undirected,1
32,32,Undirected,1
32,74,Undirected,1
32,245,Undirected,1
244,150,Undirected,1
32,150,Undirected,1
74,150,Undirected,1
245,150,Undirected,1
3,150,Undirected,1
32,21,Undirected,1
32,60,Undirected,1
32,54,Undirected,1
90,10,Undirected,1
90,204,Undirected,1
52,204,Undirected,1
30,204,Undirected,1
28,204,Undirected,1
246,248,Undirected,1
247,248,Undirected,1
248,248,Undirected,1
248,274,Undirected,1
115,103,Undirected,1
94,103,Undirected,1
48,103,Undirected,1
115,84,Undirected,1
94,84,Undirected,1
48,84,Undirected,1
31,31,Undirected,1
26,270,Undirected,1
3,249,Undirected,1
3,250,Undirected,1
8,249,Undirected,1
8,250,Undirected,1
4,249,Undirected,1
4,250,Undirected,1
12,249,Undirected,1
12,250,Undirected,1
249,19,Undirected,1
250,19,Undirected,1
249,65,Undirected,1
250,65,Undirected,1
8,145,Undirected,1
249,145,Undirected,1
250,145,Undirected,1
85,145,Undirected,1
23,251,Undirected,1
8,251,Undirected,1
4,251,Undirected,1
37,251,Undirected,1
251,19,Undirected,1
16,299,Undirected,1
252,3,Undirected,1
252,4,Undirected,1
252,5,Undirected,1
252,27,Undirected,1
252,7,Undirected,1
21,5,Undirected,1
21,195,Undirected,1
20,195,Undirected,1
5,57,Undirected,1
12,57,Undirected,1
57,195,Undirected,1
46,195,Undirected,1
76,195,Undirected,1
11,253,Undirected,1
21,253,Undirected,1
253,20,Undirected,1
253,57,Undirected,1
253,46,Undirected,1
253,76,Undirected,1
3,253,Undirected,1
253,4,Undirected,1
253,5,Undirected,1
253,12,Undirected,1
60,195,Undirected,1
253,195,Undirected,1
110,3,Undirected,1
110,8,Undirected,1
110,19,Undirected,1
3,137,Undirected,1
137,4,Undirected,1
23,279,Undirected,1
220,279,Undirected,1
34,279,Undirected,1
51,279,Undirected,1
19,279,Undirected,1
254,279,Undirected,1
255,279,Undirected,1
256,279,Undirected,1
257,279,Undirected,1
258,279,Undirected,1
259,279,Undirected,1
260,279,Undirected,1
23,254,Undirected,1
23,255,Undirected,1
220,8,Undirected,1
220,16,Undirected,1
220,254,Undirected,1
220,255,Undirected,1
8,254,Undirected,1
8,255,Undirected,1
16,254,Undirected,1
16,255,Undirected,1
254,47,Undirected,1
255,47,Undirected,1
254,34,Undirected,1
255,34,Undirected,1
16,51,Undirected,1
254,51,Undirected,1
255,51,Undirected,1
254,19,Undirected,1
255,19,Undirected,1
23,256,Undirected,1
23,257,Undirected,1
23,258,Undirected,1
23,259,Undirected,1
23,260,Undirected,1
220,256,Undirected,1
220,257,Undirected,1
220,258,Undirected,1
220,259,Undirected,1
220,260,Undirected,1
47,256,Undirected,1
47,257,Undirected,1
47,258,Undirected,1
47,259,Undirected,1
47,260,Undirected,1
256,34,Undirected,1
257,34,Undirected,1
34,258,Undirected,1
34,259,Undirected,1
34,260,Undirected,1
256,51,Undirected,1
257,51,Undirected,1
258,51,Undirected,1
51,259,Undirected,1
51,260,Undirected,1
256,19,Undirected,1
257,19,Undirected,1
258,19,Undirected,1
259,19,Undirected,1
260,19,Undirected,1
254,256,Undirected,1
254,257,Undirected,1
254,258,Undirected,1
254,259,Undirected,1
254,260,Undirected,1
255,256,Undirected,1
255,257,Undirected,1
255,258,Undirected,1
255,259,Undirected,1
255,260,Undirected,1
8,49,Undirected,1
8,50,Undirected,1
49,19,Undirected,1
50,19,Undirected,1
8,100,Undirected,1
100,19,Undirected,1
100,195,Undirected,1
100,49,Undirected,1
100,50,Undirected,1
99,52,Undirected,1
99,71,Undirected,1
71,51,Undirected,1
99,84,Undirected,1
84,51,Undirected,1
163,40,Undirected,1
163,18,Undirected,1
41,40,Undirected,1
41,18,Undirected,1
40,34,Undirected,1
18,34,Undirected,1
163,56,Undirected,1
163,66,Undirected,1
163,14,Undirected,1
163,205,Undirected,1
56,41,Undirected,1
41,66,Undirected,1
41,205,Undirected,1
56,34,Undirected,1
34,66,Undirected,1
34,14,Undirected,1
34,205,Undirected,1
23,99,Undirected,1
23,164,Undirected,1
23,24,Undirected,1
23,261,Undirected,1
23,163,Undirected,1
99,163,Undirected,1
163,3,Undirected,1
163,164,Undirected,1
163,8,Undirected,1
163,16,Undirected,1
163,24,Undirected,1
163,261,Undirected,1
163,19,Undirected,1
99,41,Undirected,1
41,164,Undirected,1
41,24,Undirected,1
41,261,Undirected,1
99,16,Undirected,1
164,16,Undirected,1
16,261,Undirected,1
99,34,Undirected,1
164,34,Undirected,1
24,34,Undirected,1
34,261,Undirected,1
56,40,Undirected,1
40,66,Undirected,1
56,18,Undirected,1
18,66,Undirected,1
99,40,Undirected,1
40,164,Undirected,1
40,8,Undirected,1
40,24,Undirected,1
40,261,Undirected,1
40,19,Undirected,1
99,18,Undirected,1
164,18,Undirected,1
18,261,Undirected,1
99,56,Undirected,1
56,164,Undirected,1
56,24,Undirected,1
56,261,Undirected,1
99,66,Undirected,1
164,66,Undirected,1
66,261,Undirected,1
99,14,Undirected,1
164,14,Undirected,1
261,14,Undirected,1
99,205,Undirected,1
164,205,Undirected,1
24,205,Undirected,1
261,205,Undirected,1
205,19,Undirected,1
56,145,Undirected,1
32,145,Undirected,1
9,145,Undirected,1
7,145,Undirected,1
66,145,Undirected,1
160,56,Undirected,1
161,56,Undirected,1
162,56,Undirected,1
56,262,Undirected,1
56,263,Undirected,1
160,32,Undirected,1
161,32,Undirected,1
162,32,Undirected,1
32,262,Undirected,1
32,263,Undirected,1
160,9,Undirected,1
161,9,Undirected,1
162,9,Undirected,1
9,262,Undirected,1
9,263,Undirected,1
262,5,Undirected,1
263,5,Undirected,1
160,7,Undirected,1
161,7,Undirected,1
162,7,Undirected,1
262,7,Undirected,1
263,7,Undirected,1
160,66,Undirected,1
161,66,Undirected,1
162,66,Undirected,1
262,66,Undirected,1
263,66,Undirected,1
160,145,Undirected,1
161,145,Undirected,1
162,145,Undirected,1
262,145,Undirected,1
263,145,Undirected,1
98,243,Undirected,1
32,243,Undirected,1
1,300,Undirected,1
1,301,Undirected,1
21,269,Undirected,1
21,300,Undirected,1
21,301,Undirected,1
20,269,Undirected,1
20,300,Undirected,1
20,301,Undirected,1
38,103,Undirected,1
38,136,Undirected,1
38,84,Undirected,1
87,103,Undirected,1
87,136,Undirected,1
87,84,Undirected,1
9,103,Undirected,1
9,136,Undirected,1
9,84,Undirected,1
103,5,Undirected,1
103,7,Undirected,1
136,7,Undirected,1
264,3,Undirected,1
264,115,Undirected,1
264,94,Undirected,1
264,8,Undirected,1
264,48,Undirected,1
264,4,Undirected,1
264,19,Undirected,1
115,11,Undirected,1
94,11,Undirected,1
115,60,Undirected,1
94,60,Undirected,1
115,20,Undirected,1
94,20,Undirected,1
265,4,Undirected,1
266,4,Undirected,1
267,4,Undirected,1
5,54,Undirected,1
54,7,Undirected,1
8,54,Undirected,1
8,46,Undirected,1
93,11,Undirected,1
93,54,Undirected,1
93,20,Undirected,1
93,46,Undirected,1
93,12,Undirected,1
16,103,Undirected,1
103,81,Undirected,1
103,34,Undirected,1
3,136,Undirected,1
8,136,Undirected,1
16,136,Undirected,1
81,136,Undirected,1
136,4,Undirected,1
136,34,Undirected,1
136,19,Undirected,1
16,84,Undirected,1
81,84,Undirected,1
34,84,Undirected,1
38,119,Undirected,1
87,119,Undirected,1
9,119,Undirected,1
119,7,Undirected,1
6,72,Undirected,1